-- phpMiniAdmin dump 1.5.091221
-- Datetime: 2014-06-10 01:49:16
-- Host: localhost
-- Database: lakadia7_ytoi

/*!40030 SET NAMES  */;
/*!40030 SET GLOBAL max_allowed_packet=16777216 */;

DROP TABLE IF EXISTS `account_master`;
CREATE TABLE `account_master` (
  `id` int(11) NOT NULL AUTO_INCREMENT,
  `user_id` int(11) NOT NULL,
  `sound_effect` tinyint(4) NOT NULL,
  `font_size` varchar(64) NOT NULL,
  `proxy` varchar(64) NOT NULL,
  `location` tinyint(4) NOT NULL,
  `about` varchar(64) NOT NULL,
  `status` tinyint(4) NOT NULL,
  `created_date` timestamp NOT NULL DEFAULT CURRENT_TIMESTAMP ON UPDATE CURRENT_TIMESTAMP,
  `created_by` tinyint(4) NOT NULL,
  `modified_date` datetime NOT NULL,
  `modified_by` tinyint(4) NOT NULL,
  `deleted` tinyint(4) NOT NULL,
  PRIMARY KEY (`id`)
) ENGINE=InnoDB AUTO_INCREMENT=9 DEFAULT CHARSET=latin1;

/*!40000 ALTER TABLE `account_master` DISABLE KEYS */;
INSERT INTO `account_master` VALUES ('8','19','1','12','12','1','testing','1','2014-03-12 00:30:52','1','0000-00-00 00:00:00','0','0');
/*!40000 ALTER TABLE `account_master` ENABLE KEYS */;

DROP TABLE IF EXISTS `admin_master`;
CREATE TABLE `admin_master` (
  `admin_id` int(11) NOT NULL AUTO_INCREMENT,
  `admin_username` varchar(255) NOT NULL,
  `admin_password` varchar(255) NOT NULL,
  `admin_is_active` tinyint(4) NOT NULL DEFAULT '1',
  PRIMARY KEY (`admin_id`)
) ENGINE=InnoDB AUTO_INCREMENT=2 DEFAULT CHARSET=latin1;

/*!40000 ALTER TABLE `admin_master` DISABLE KEYS */;
INSERT INTO `admin_master` VALUES ('1','admin','YWRtaW4=','1');
/*!40000 ALTER TABLE `admin_master` ENABLE KEYS */;

DROP TABLE IF EXISTS `alert_master`;
CREATE TABLE `alert_master` (
  `id` int(11) NOT NULL AUTO_INCREMENT,
  `user_id` int(11) NOT NULL,
  `device_id` int(11) NOT NULL,
  `alert_message` varchar(200) NOT NULL,
  `status` tinyint(4) NOT NULL,
  `created_date` timestamp NOT NULL DEFAULT CURRENT_TIMESTAMP ON UPDATE CURRENT_TIMESTAMP,
  `created_by` tinyint(4) NOT NULL,
  `modified_date` timestamp NOT NULL DEFAULT '0000-00-00 00:00:00',
  `modified_by` tinyint(4) NOT NULL,
  `deleted` tinyint(4) NOT NULL,
  PRIMARY KEY (`id`)
) ENGINE=InnoDB AUTO_INCREMENT=2 DEFAULT CHARSET=latin1;

/*!40000 ALTER TABLE `alert_master` DISABLE KEYS */;
INSERT INTO `alert_master` VALUES ('1','1','2','Hello','1','2014-03-12 00:28:14','1','0000-00-00 00:00:00','0','0');
/*!40000 ALTER TABLE `alert_master` ENABLE KEYS */;

DROP TABLE IF EXISTS `approve_master`;
CREATE TABLE `approve_master` (
  `id` bigint(20) NOT NULL AUTO_INCREMENT,
  `feed_id` int(11) NOT NULL,
  `user_id` int(11) NOT NULL,
  `created_date` timestamp NOT NULL DEFAULT CURRENT_TIMESTAMP,
  PRIMARY KEY (`id`)
) ENGINE=InnoDB AUTO_INCREMENT=15 DEFAULT CHARSET=latin1;

/*!40000 ALTER TABLE `approve_master` DISABLE KEYS */;
INSERT INTO `approve_master` VALUES ('1','59','1','2014-05-26 07:32:06'),('2','58','1','2014-05-27 08:53:21'),('3','57','1','2014-05-28 01:44:40'),('4','3','1','2014-05-29 03:39:02'),('5','4','3','2014-05-30 13:46:20'),('6','5','2','2014-05-31 03:27:40'),('7','2','3','2014-05-31 23:03:37'),('8','8','1','2014-06-02 05:21:57'),('9','7','1','2014-06-02 05:22:02'),('10','5','1','2014-06-02 05:22:13'),('11','1','3','2014-06-04 10:18:32'),('12','2','1','2014-06-05 07:56:55'),('13','6','1','2014-06-05 08:24:07'),('14','8','3','2014-06-05 10:33:51');
/*!40000 ALTER TABLE `approve_master` ENABLE KEYS */;

DROP TABLE IF EXISTS `category_master`;
CREATE TABLE `category_master` (
  `cat_id` int(11) NOT NULL AUTO_INCREMENT,
  `name` varchar(64) NOT NULL,
  `image` varchar(255) NOT NULL COMMENT 'category picture',
  `selected_image` varchar(255) NOT NULL,
  `link` varchar(64) NOT NULL,
  `status` tinyint(4) NOT NULL,
  `created_date` timestamp NOT NULL DEFAULT CURRENT_TIMESTAMP ON UPDATE CURRENT_TIMESTAMP,
  `created_by` tinyint(4) NOT NULL,
  `modified_date` timestamp NOT NULL DEFAULT '0000-00-00 00:00:00',
  `modified_by` tinyint(4) NOT NULL,
  `deleted` tinyint(4) NOT NULL,
  PRIMARY KEY (`cat_id`)
) ENGINE=InnoDB AUTO_INCREMENT=6 DEFAULT CHARSET=latin1;

/*!40000 ALTER TABLE `category_master` DISABLE KEYS */;
INSERT INTO `category_master` VALUES ('1','BOOKS','cat_1397301521_explorer_category_books_sel.png','cat_1397128653_explorer_category_books.png','library','1','2014-04-12 06:18:41','0','2014-04-12 16:48:41','1','0'),('2','FOOD','cat_1397304560_explorer_category_food_sel-1.png','cat_1397128856_explorer_category_food.png','food','1','2014-04-12 07:09:21','0','2014-04-12 17:39:21','1','0'),('3','LIFESTYLE','cat_1397304117_explorer_category_lifestyle_sel-1.png','cat_1397128957_explorer_category_lifestyle.png','movie_theater','1','2014-04-12 07:01:57','0','2014-04-12 17:31:57','1','0'),('4','MOVIES','cat_1397304587_explorer_category_movie_sel-1.png','cat_1397128905_explorer_category_movie.png','movie_theater','1','2014-04-12 07:09:47','0','2014-04-12 17:39:47','1','0'),('5','TRAVEL & PLACE','cat_1397301666_explorer_category_place_sel.png','cat_1397128936_explorer_category_place.png','movie_theater','1','2014-04-12 06:21:06','0','2014-04-12 16:51:06','1','0');
/*!40000 ALTER TABLE `category_master` ENABLE KEYS */;

DROP TABLE IF EXISTS `check_in_master`;
CREATE TABLE `check_in_master` (
  `check_id` int(11) NOT NULL AUTO_INCREMENT,
  `user_id` int(11) NOT NULL,
  `place_id` int(11) NOT NULL,
  `lattitude` varchar(64) NOT NULL,
  `longitude` varchar(64) NOT NULL,
  `checked_date` timestamp NOT NULL DEFAULT CURRENT_TIMESTAMP ON UPDATE CURRENT_TIMESTAMP,
  `checked_by` tinyint(4) NOT NULL,
  `status` tinyint(4) NOT NULL,
  `deleted` tinyint(4) NOT NULL,
  PRIMARY KEY (`check_id`)
) ENGINE=InnoDB AUTO_INCREMENT=14 DEFAULT CHARSET=latin1;

/*!40000 ALTER TABLE `check_in_master` DISABLE KEYS */;
INSERT INTO `check_in_master` VALUES ('1','19','2','','','2014-03-05 23:49:26','1','1','0'),('2','0','0','','','2014-03-06 00:04:26','1','1','0'),('3','19','1','','','2014-03-06 00:09:34','1','1','0'),('4','19','1','','','2014-03-06 00:10:46','1','1','0'),('5','19','1','','','2014-03-06 00:11:32','1','1','0'),('6','19','1','','','2014-03-06 00:17:43','1','1','0'),('7','19','1','','','2014-03-06 00:17:54','1','1','0'),('8','19','1','','','2014-03-06 00:18:14','1','1','0'),('9','19','1','','','2014-03-06 07:53:40','1','1','0'),('10','93','1','','','2014-03-12 00:31:04','1','1','0'),('11','101','1','','','2014-03-12 02:29:43','1','1','0'),('12','1','1','','','2014-04-02 01:40:23','1','1','0'),('13','5','1','','','2014-04-26 05:09:29','1','1','0');
/*!40000 ALTER TABLE `check_in_master` ENABLE KEYS */;

DROP TABLE IF EXISTS `ci_cookies`;
CREATE TABLE `ci_cookies` (
  `id` int(11) NOT NULL AUTO_INCREMENT,
  `cookie_id` varchar(255) DEFAULT NULL,
  `netid` varchar(255) DEFAULT NULL,
  `ip_address` varchar(255) DEFAULT NULL,
  `user_agent` varchar(255) DEFAULT NULL,
  `orig_page_requested` varchar(120) DEFAULT NULL,
  `php_session_id` varchar(40) DEFAULT NULL,
  `created_at` datetime DEFAULT NULL,
  `updated_at` datetime DEFAULT NULL,
  PRIMARY KEY (`id`)
) ENGINE=InnoDB DEFAULT CHARSET=latin1;

/*!40000 ALTER TABLE `ci_cookies` DISABLE KEYS */;
/*!40000 ALTER TABLE `ci_cookies` ENABLE KEYS */;

DROP TABLE IF EXISTS `ci_sessions`;
CREATE TABLE `ci_sessions` (
  `session_id` varchar(40) NOT NULL DEFAULT '0',
  `ip_address` varchar(45) NOT NULL DEFAULT '0',
  `user_agent` varchar(120) NOT NULL,
  `last_activity` int(10) unsigned NOT NULL DEFAULT '0',
  `user_data` text NOT NULL,
  PRIMARY KEY (`session_id`),
  KEY `last_activity_idx` (`last_activity`)
) ENGINE=MyISAM DEFAULT CHARSET=latin1;

/*!40000 ALTER TABLE `ci_sessions` DISABLE KEYS */;
/*!40000 ALTER TABLE `ci_sessions` ENABLE KEYS */;

DROP TABLE IF EXISTS `comments_master`;
CREATE TABLE `comments_master` (
  `id` int(11) NOT NULL AUTO_INCREMENT,
  `user_id` int(11) NOT NULL,
  `feed_id` int(11) NOT NULL,
  `comment` varchar(200) NOT NULL,
  `status` tinyint(4) NOT NULL,
  `created_date` timestamp NOT NULL DEFAULT CURRENT_TIMESTAMP ON UPDATE CURRENT_TIMESTAMP,
  `deleted` tinyint(4) NOT NULL,
  PRIMARY KEY (`id`)
) ENGINE=InnoDB AUTO_INCREMENT=10 DEFAULT CHARSET=latin1;

/*!40000 ALTER TABLE `comments_master` DISABLE KEYS */;
INSERT INTO `comments_master` VALUES ('1','1','7','good','1','2014-06-05 08:01:08','0'),('2','1','3','new','1','2014-06-05 08:18:07','0'),('3','1','3','fhhd','1','2014-06-05 08:18:34','0'),('4','1','8','good very good','1','2014-06-05 08:20:36','0'),('5','1','6','nop','1','2014-06-05 08:20:58','0'),('6','1','8','oho its very bad','1','2014-06-05 08:22:00','0'),('7','1','7','nothing new','1','2014-06-05 08:22:35','0'),('8','1','6','yest','1','2014-06-05 08:23:54','0'),('9','3','5','aesthetics suck','1','2014-06-05 10:33:23','0');
/*!40000 ALTER TABLE `comments_master` ENABLE KEYS */;

DROP TABLE IF EXISTS `coz_login_history`;
CREATE TABLE `coz_login_history` (
  `login_history_id` int(11) NOT NULL AUTO_INCREMENT,
  `login_username` varchar(255) NOT NULL,
  `login_ip` varchar(255) NOT NULL,
  `login_in_datetime` datetime NOT NULL,
  `login_out_datetime` datetime NOT NULL,
  `login_status` tinyint(4) NOT NULL DEFAULT '0',
  PRIMARY KEY (`login_history_id`)
) ENGINE=InnoDB AUTO_INCREMENT=283 DEFAULT CHARSET=latin1;

/*!40000 ALTER TABLE `coz_login_history` DISABLE KEYS */;
INSERT INTO `coz_login_history` VALUES ('1','admin','122.169.118.141','2013-11-27 18:44:40','0000-00-00 00:00:00','0'),('2','admin','122.169.118.141','2013-11-27 18:44:47','0000-00-00 00:00:00','0'),('3','admin','122.169.118.141','2013-11-27 18:45:03','0000-00-00 00:00:00','0'),('4','admin','122.169.118.141','2013-11-27 18:45:12','0000-00-00 00:00:00','0'),('5','admin','122.169.118.141','2013-11-27 18:46:07','0000-00-00 00:00:00','0'),('6','admin','122.169.118.141','2013-11-27 19:20:43','0000-00-00 00:00:00','0'),('7','admin','122.169.118.141','2013-11-27 19:22:24','0000-00-00 00:00:00','0'),('8','admin','122.169.118.141','2013-11-27 21:12:22','0000-00-00 00:00:00','0'),('9','admin','122.169.118.141','2013-11-27 22:42:22','0000-00-00 00:00:00','0'),('10','admin','125.237.223.69','2013-11-27 22:56:48','0000-00-00 00:00:00','0'),('11','admin','125.237.223.69','2013-11-28 01:45:08','0000-00-00 00:00:00','0'),('12','admin','121.247.196.95','2013-11-28 01:54:21','0000-00-00 00:00:00','0'),('13','admin','121.247.196.95','2013-11-28 02:41:24','0000-00-00 00:00:00','0'),('14','admin','125.237.223.69','2013-11-28 03:17:06','0000-00-00 00:00:00','0'),('15','admin','122.169.118.141','2013-11-28 10:33:39','0000-00-00 00:00:00','0'),('16','admin','122.169.118.141','2013-11-28 12:01:57','0000-00-00 00:00:00','0'),('17','admin','122.169.118.141','2013-11-28 17:52:22','0000-00-00 00:00:00','0'),('18','admin','122.169.118.141','2013-11-28 18:33:31','0000-00-00 00:00:00','0'),('19','admin','122.169.118.141','2013-11-28 18:34:23','0000-00-00 00:00:00','0'),('20','admin','122.169.118.141','2013-11-28 18:58:28','0000-00-00 00:00:00','0'),('21','admin','122.169.118.141','2013-11-29 10:45:07','0000-00-00 00:00:00','0'),('22','admin','122.169.118.141','2013-11-29 10:57:54','0000-00-00 00:00:00','0'),('23','admin','122.169.118.141','2013-11-29 12:04:42','0000-00-00 00:00:00','0'),('24','admin','122.169.118.141','2013-11-29 14:43:45','0000-00-00 00:00:00','0'),('25','admin','122.169.118.141','2013-11-29 16:58:37','0000-00-00 00:00:00','0'),('26','admin','122.169.118.141','2013-11-29 18:29:39','0000-00-00 00:00:00','0'),('27','admin','122.169.118.141','2013-11-29 19:37:32','0000-00-00 00:00:00','0'),('28','admin','122.169.118.141','2013-11-30 11:02:05','0000-00-00 00:00:00','0'),('29','admin','122.169.118.141','2013-11-30 11:09:08','0000-00-00 00:00:00','0'),('30','admin','122.169.118.141','2013-11-30 11:09:10','0000-00-00 00:00:00','0'),('31','admin','122.169.118.141','2013-12-03 19:49:21','0000-00-00 00:00:00','0'),('32','admin','122.169.118.141','2013-12-04 10:30:44','0000-00-00 00:00:00','0'),('33','admin','122.169.118.141','2013-12-04 13:48:12','0000-00-00 00:00:00','0'),('34','admin','122.169.118.141','2013-12-04 18:04:16','0000-00-00 00:00:00','0'),('35','admin','122.169.118.141','2013-12-04 18:05:37','0000-00-00 00:00:00','0'),('36','admin','122.169.118.141','2013-12-04 18:12:31','0000-00-00 00:00:00','0'),('37','admin','125.237.223.69','2013-12-05 00:34:09','0000-00-00 00:00:00','0'),('38','admin','122.169.118.141','2013-12-05 15:24:14','0000-00-00 00:00:00','0'),('39','admin','122.169.118.141','2013-12-05 17:34:23','0000-00-00 00:00:00','0'),('40','admin','125.237.223.69','2013-12-06 08:51:09','0000-00-00 00:00:00','0'),('41','admin','122.169.118.141','2013-12-06 09:53:22','0000-00-00 00:00:00','0'),('42','admin','122.169.118.141','2013-12-06 10:27:32','0000-00-00 00:00:00','0'),('43','admin','122.169.118.141','2013-12-06 16:15:09','0000-00-00 00:00:00','0'),('44','admin','122.169.118.141','2013-12-06 17:23:44','0000-00-00 00:00:00','0'),('45','admin','122.169.118.141','2013-12-09 10:52:20','0000-00-00 00:00:00','0'),('46','admin','122.169.118.141','2013-12-09 18:59:05','0000-00-00 00:00:00','0'),('47','admin','122.169.118.141','2013-12-11 21:58:05','0000-00-00 00:00:00','0'),('48','admin','122.169.118.141','2013-12-11 22:20:48','0000-00-00 00:00:00','0'),('49','admin','122.169.118.141','2013-12-24 12:18:10','0000-00-00 00:00:00','0'),('50','admin','122.169.118.141','2013-12-24 15:36:53','0000-00-00 00:00:00','0'),('51','admin','122.169.118.141','2013-12-26 12:13:00','0000-00-00 00:00:00','0'),('52','admin','122.169.118.141','2013-12-26 12:17:36','0000-00-00 00:00:00','0'),('53','admin','121.247.196.249','2013-12-27 12:02:21','0000-00-00 00:00:00','1'),('54','admin','125.237.223.69','2013-12-28 00:35:38','0000-00-00 00:00:00','0'),('55','admin','125.237.223.69','2013-12-28 05:05:31','0000-00-00 00:00:00','0'),('56','admin','122.169.118.141','2013-12-28 13:46:19','0000-00-00 00:00:00','0'),('57','admin','122.169.118.141','2013-12-28 18:36:34','0000-00-00 00:00:00','0'),('58','admin','125.237.223.69','2013-12-30 22:47:16','0000-00-00 00:00:00','0'),('59','admin','125.237.223.69','2013-12-31 01:14:54','0000-00-00 00:00:00','0'),('60','admin','121.247.250.199','2013-12-31 01:31:18','0000-00-00 00:00:00','0'),('61','admin','125.237.223.69','2013-12-31 02:59:30','0000-00-00 00:00:00','0'),('62','admin','121.246.52.24','2014-01-01 03:33:05','0000-00-00 00:00:00','0'),('63','admin','122.169.118.141','2014-01-01 11:27:14','0000-00-00 00:00:00','0'),('64','admin','122.169.118.141','2014-01-02 13:03:15','0000-00-00 00:00:00','0'),('65','admin','122.169.118.141','2014-01-02 17:58:52','0000-00-00 00:00:00','0'),('66','admin','122.169.118.141','2014-01-02 18:34:05','0000-00-00 00:00:00','0'),('67','admin','122.169.118.141','2014-01-02 18:34:06','0000-00-00 00:00:00','0'),('68','admin','122.169.118.141','2014-01-03 16:25:06','0000-00-00 00:00:00','0'),('69','admin','122.169.118.141','2014-01-03 18:10:10','0000-00-00 00:00:00','0'),('70','admin','125.237.223.69','2014-01-04 03:59:05','0000-00-00 00:00:00','0'),('71','admin','125.237.223.69','2014-01-04 05:38:39','0000-00-00 00:00:00','0'),('72','admin','125.237.223.69','2014-01-04 05:40:53','0000-00-00 00:00:00','0'),('73','admin','123.100.142.145','2014-01-04 05:41:05','0000-00-00 00:00:00','1'),('74','admin','125.237.223.69','2014-01-04 05:44:10','0000-00-00 00:00:00','0'),('75','admin','123.100.142.145','2014-01-04 08:18:44','0000-00-00 00:00:00','1'),('76','admin','125.237.223.69','2014-01-04 09:10:17','0000-00-00 00:00:00','0'),('77','admin','125.237.223.69','2014-01-05 01:28:16','0000-00-00 00:00:00','0'),('78','admin','125.237.223.69','2014-01-06 00:07:49','0000-00-00 00:00:00','0'),('79','admin','125.237.223.69','2014-01-06 01:35:07','0000-00-00 00:00:00','0'),('80','admin','14.202.11.1','2014-01-06 05:54:21','0000-00-00 00:00:00','1'),('81','admin','122.169.118.141','2014-01-06 10:48:52','0000-00-00 00:00:00','0'),('82','admin','122.169.118.141','2014-01-06 18:19:07','0000-00-00 00:00:00','0'),('83','admin','122.169.118.141','2014-01-06 18:25:35','0000-00-00 00:00:00','0'),('84','admin','122.169.118.141','2014-01-06 19:18:33','0000-00-00 00:00:00','0'),('85','admin','122.169.118.141','2014-01-07 10:40:08','0000-00-00 00:00:00','0'),('86','admin','125.237.223.69','2014-01-09 06:34:48','0000-00-00 00:00:00','0'),('87','admin','125.237.223.69','2014-01-10 00:37:34','0000-00-00 00:00:00','0'),('88','admin','125.237.223.69','2014-01-10 02:21:17','0000-00-00 00:00:00','0'),('89','admin','125.237.223.69','2014-01-10 04:10:08','0000-00-00 00:00:00','0'),('90','admin','122.169.118.141','2014-01-10 10:40:59','0000-00-00 00:00:00','0'),('91','admin','122.169.118.141','2014-01-10 19:53:37','0000-00-00 00:00:00','0'),('92','admin','125.237.223.69','2014-01-11 04:21:12','0000-00-00 00:00:00','0'),('93','admin','122.169.118.141','2014-01-11 10:30:21','0000-00-00 00:00:00','0'),('94','admin','122.169.118.141','2014-01-11 13:06:51','0000-00-00 00:00:00','0'),('95','admin','125.236.243.237','2014-01-13 04:38:39','0000-00-00 00:00:00','0'),('96','admin','122.169.118.141','2014-01-13 16:06:48','0000-00-00 00:00:00','0'),('97','admin','125.237.223.69','2014-01-15 08:53:55','0000-00-00 00:00:00','0'),('98','admin','125.237.223.69','2014-01-20 12:40:09','0000-00-00 00:00:00','0'),('99','admin','125.237.223.69','2014-01-21 01:04:15','0000-00-00 00:00:00','0'),('100','admin','125.237.223.69','2014-01-23 01:23:24','0000-00-00 00:00:00','0'),('101','admin','125.237.223.69','2014-01-23 01:34:55','0000-00-00 00:00:00','0'),('102','admin','125.237.223.69','2014-01-23 13:18:25','0000-00-00 00:00:00','0'),('103','admin','125.237.223.69','2014-01-23 14:23:34','0000-00-00 00:00:00','0'),('104','admin','118.93.237.124','2014-01-28 05:33:34','0000-00-00 00:00:00','0'),('105','admin','125.236.243.237','2014-01-29 03:45:57','0000-00-00 00:00:00','0'),('106','admin','125.237.223.69','2014-01-31 02:22:27','0000-00-00 00:00:00','0'),('107','admin','125.237.223.69','2014-02-01 01:46:28','0000-00-00 00:00:00','0'),('108','admin','125.237.223.69','2014-02-02 03:45:27','0000-00-00 00:00:00','0'),('109','admin','125.237.223.69','2014-02-03 01:49:51','0000-00-00 00:00:00','0'),('110','admin','49.50.247.192','2014-02-04 05:35:29','0000-00-00 00:00:00','0'),('111','admin','49.50.247.192','2014-02-04 07:17:42','0000-00-00 00:00:00','0'),('112','admin','122.169.118.141','2014-02-06 12:07:47','0000-00-00 00:00:00','0'),('113','admin','117.207.6.207','2014-02-07 02:17:59','0000-00-00 00:00:00','0'),('114','admin','49.181.165.54','2014-02-10 05:08:37','0000-00-00 00:00:00','0'),('115','admin','165.228.147.129','2014-02-10 06:00:45','0000-00-00 00:00:00','0'),('116','admin','124.187.10.10','2014-02-10 08:34:19','0000-00-00 00:00:00','0'),('117','admin','::1','2014-02-10 11:06:12','0000-00-00 00:00:00','0'),('118','admin','::1','2014-02-10 11:06:41','0000-00-00 00:00:00','0'),('119','admin','::1','2014-02-10 11:14:22','0000-00-00 00:00:00','0'),('120','admin','::1','2014-02-10 16:49:08','0000-00-00 00:00:00','0'),('121','admin','::1','2014-02-10 16:49:16','0000-00-00 00:00:00','0'),('122','admin','::1','2014-02-10 16:49:51','0000-00-00 00:00:00','0'),('123','admin','::1','2014-02-10 16:50:55','0000-00-00 00:00:00','0'),('124','admin','::1','2014-02-10 17:05:33','0000-00-00 00:00:00','0'),('125','admin','::1','2014-02-11 12:03:16','0000-00-00 00:00:00','0'),('126','admin','::1','2014-02-11 12:29:01','0000-00-00 00:00:00','0'),('127','admin','::1','2014-02-11 14:35:00','0000-00-00 00:00:00','0'),('128','admin','::1','2014-02-11 15:11:45','0000-00-00 00:00:00','0'),('129','admin','::1','2014-02-11 19:19:43','0000-00-00 00:00:00','0'),('130','admin','::1','2014-02-11 19:21:08','0000-00-00 00:00:00','0'),('131','admin','::1','2014-02-11 19:27:03','0000-00-00 00:00:00','0'),('132','admin','::1','2014-02-11 19:28:30','0000-00-00 00:00:00','0'),('133','admin','::1','2014-02-11 19:30:56','0000-00-00 00:00:00','0'),('134','admin','::1','2014-02-11 19:33:20','0000-00-00 00:00:00','0'),('135','admin','::1','2014-02-11 19:52:28','0000-00-00 00:00:00','0'),('136','admin','::1','2014-02-11 19:57:22','0000-00-00 00:00:00','0'),('137','admin','::1','2014-02-12 10:36:32','0000-00-00 00:00:00','0'),('138','admin','::1','2014-02-12 11:10:13','0000-00-00 00:00:00','0'),('139','admin','::1','2014-02-12 11:13:04','0000-00-00 00:00:00','0'),('140','admin','::1','2014-02-12 15:52:32','0000-00-00 00:00:00','0'),('141','admin','::1','2014-02-13 13:57:47','0000-00-00 00:00:00','0'),('142','admin','::1','2014-02-13 14:16:43','0000-00-00 00:00:00','0'),('143','admin','::1','2014-02-13 17:06:46','0000-00-00 00:00:00','0'),('144','admin','::1','2014-02-14 17:08:48','0000-00-00 00:00:00','0'),('145','admin','::1','2014-02-14 17:24:50','0000-00-00 00:00:00','0'),('146','admin','::1','2014-02-14 19:21:58','0000-00-00 00:00:00','0'),('147','admin','::1','2014-02-14 20:07:37','0000-00-00 00:00:00','0'),('148','admin','::1','2014-02-15 11:07:40','0000-00-00 00:00:00','0'),('149','admin','::1','2014-02-15 11:08:24','0000-00-00 00:00:00','0'),('150','admin','::1','2014-02-21 14:55:17','0000-00-00 00:00:00','0'),('151','admin','::1','2014-02-21 15:09:32','0000-00-00 00:00:00','1'),('152','admin','122.169.118.141','2014-02-21 20:16:50','0000-00-00 00:00:00','0'),('153','admin','122.169.118.141','2014-02-21 20:35:41','0000-00-00 00:00:00','0'),('154','admin','122.169.118.141','2014-02-21 20:38:01','0000-00-00 00:00:00','0'),('155','admin','122.167.114.229','2014-02-21 20:42:06','0000-00-00 00:00:00','1'),('156','admin','122.169.118.141','2014-02-21 20:42:30','0000-00-00 00:00:00','0'),('157','admin','122.177.7.61','2014-02-21 20:55:17','0000-00-00 00:00:00','0'),('158','admin','122.169.118.141','2014-02-22 10:42:27','0000-00-00 00:00:00','0'),('159','admin','122.169.118.141','2014-02-22 11:32:21','0000-00-00 00:00:00','0'),('160','admin','122.169.118.141','2014-02-22 14:31:24','0000-00-00 00:00:00','0'),('161','admin','122.169.118.141','2014-02-22 16:47:55','0000-00-00 00:00:00','0'),('162','admin','122.169.118.141','2014-02-22 19:23:31','0000-00-00 00:00:00','0'),('163','admin','122.169.118.141','2014-02-22 19:27:32','0000-00-00 00:00:00','0'),('164','admin','122.169.118.141','2014-02-22 19:31:08','0000-00-00 00:00:00','0'),('165','admin','122.169.118.141','2014-02-22 19:50:10','0000-00-00 00:00:00','0'),('166','admin','27.7.169.135','2014-02-23 15:09:57','0000-00-00 00:00:00','1'),('167','admin ','124.155.249.223','2014-02-23 15:10:15','0000-00-00 00:00:00','1'),('168','admin','122.177.217.168','2014-02-23 15:11:04','0000-00-00 00:00:00','1'),('169','admin','122.169.118.141','2014-02-24 10:51:17','0000-00-00 00:00:00','0'),('170','admin','122.169.118.141','2014-02-24 10:52:47','0000-00-00 00:00:00','0'),('171','admin','122.169.118.141','2014-02-24 12:20:13','0000-00-00 00:00:00','0'),('172','admin','122.169.118.141','2014-02-24 12:43:50','0000-00-00 00:00:00','0'),('173','admin','122.169.118.141','2014-02-24 14:13:39','0000-00-00 00:00:00','0'),('174','admin','122.169.118.141','2014-02-25 11:27:44','0000-00-00 00:00:00','0'),('175','admin','122.169.118.141','2014-02-25 12:31:31','0000-00-00 00:00:00','0'),('176','admin','122.169.118.141','2014-02-25 12:39:04','0000-00-00 00:00:00','0'),('177','admin','122.169.118.141','2014-02-25 12:54:58','0000-00-00 00:00:00','0'),('178','admin','122.166.124.21','2014-02-25 13:48:29','0000-00-00 00:00:00','1'),('179','admin','122.169.118.141','2014-02-25 14:18:47','0000-00-00 00:00:00','0'),('180','admin','27.7.169.135','2014-02-25 19:51:48','0000-00-00 00:00:00','1'),('181','admin','122.177.193.143','2014-02-25 20:31:13','0000-00-00 00:00:00','1'),('182','admin','122.169.118.141','2014-02-25 20:38:24','0000-00-00 00:00:00','0'),('183','admin','122.169.118.141','2014-02-26 10:14:38','0000-00-00 00:00:00','0'),('184','admin','122.169.118.141','2014-02-26 10:27:24','0000-00-00 00:00:00','0'),('185','admin','122.169.118.141','2014-02-26 10:28:04','0000-00-00 00:00:00','0'),('186','admin','122.169.118.141','2014-02-26 10:53:31','0000-00-00 00:00:00','0'),('187','admin','122.169.118.141','2014-02-26 12:55:52','0000-00-00 00:00:00','0'),('188','admin','122.169.118.141','2014-02-26 14:12:16','0000-00-00 00:00:00','0'),('189','admin','122.169.118.141','2014-02-26 14:21:21','0000-00-00 00:00:00','0'),('190','admin','122.169.118.141','2014-02-26 14:24:07','0000-00-00 00:00:00','0'),('191','admin','122.169.118.141','2014-02-26 14:34:17','0000-00-00 00:00:00','0'),('192','admin','122.169.118.141','2014-02-26 14:35:52','0000-00-00 00:00:00','0'),('193','admin','122.169.118.141','2014-02-27 08:33:20','0000-00-00 00:00:00','0'),('194','admin','122.169.118.141','2014-02-27 09:15:09','0000-00-00 00:00:00','0'),('195','admin','122.169.118.141','2014-02-27 09:21:58','0000-00-00 00:00:00','0'),('196','admin','122.169.118.141','2014-02-27 09:38:58','0000-00-00 00:00:00','0'),('197','admin','122.169.118.141','2014-02-27 11:38:41','0000-00-00 00:00:00','0'),('198','admin','122.169.118.141','2014-02-27 12:47:46','0000-00-00 00:00:00','0'),('199','admin','122.169.118.141','2014-02-27 14:08:11','0000-00-00 00:00:00','0'),('200','admin','122.169.118.141','2014-02-27 14:09:16','0000-00-00 00:00:00','0'),('201','admin','122.169.118.141','2014-02-27 14:10:50','0000-00-00 00:00:00','0'),('202','admin','122.169.118.141','2014-02-27 15:10:35','0000-00-00 00:00:00','0'),('203','admin','122.169.118.141','2014-02-28 11:18:09','0000-00-00 00:00:00','0'),('204','admin','122.169.118.141','2014-02-28 11:35:42','0000-00-00 00:00:00','0'),('205','admin','122.169.118.141','2014-02-28 11:51:17','0000-00-00 00:00:00','0'),('206','admin','122.169.118.141','2014-02-28 12:53:00','0000-00-00 00:00:00','0'),('207','admin','122.169.118.141','2014-02-28 14:12:02','0000-00-00 00:00:00','0'),('208','admin','122.169.118.141','2014-02-28 14:25:23','0000-00-00 00:00:00','0'),('209','admin','122.169.118.141','2014-02-28 14:54:09','0000-00-00 00:00:00','0'),('210','admin','122.169.118.141','2014-02-28 16:50:51','0000-00-00 00:00:00','0'),('211','admin','122.169.118.141','2014-02-28 17:24:25','0000-00-00 00:00:00','0'),('212','admin','122.169.118.141','2014-02-28 19:58:58','0000-00-00 00:00:00','0'),('213','admin','122.169.118.141','2014-03-01 18:03:17','0000-00-00 00:00:00','0'),('214','admin','122.169.118.141','2014-03-03 11:50:28','0000-00-00 00:00:00','0'),('215','admin','122.169.118.141','2014-03-03 12:49:01','0000-00-00 00:00:00','0'),('216','admin','122.169.118.141','2014-03-03 16:35:38','0000-00-00 00:00:00','0'),('217','admin','122.169.118.141','2014-03-03 19:45:03','0000-00-00 00:00:00','0'),('218','admin','122.169.118.141','2014-03-04 14:56:05','0000-00-00 00:00:00','0'),('219','admin','122.169.118.141','2014-03-04 16:38:08','0000-00-00 00:00:00','0'),('220','admin','122.169.118.141','2014-03-04 17:54:13','0000-00-00 00:00:00','0'),('221','admin','122.169.118.141','2014-03-05 12:32:50','0000-00-00 00:00:00','0'),('222','admin','122.169.118.141','2014-03-05 14:34:53','0000-00-00 00:00:00','0'),('223','admin','122.169.118.141','2014-03-05 16:38:33','0000-00-00 00:00:00','0'),('224','admin','122.169.118.141','2014-03-05 20:18:07','0000-00-00 00:00:00','0'),('225','admin','122.169.118.141','2014-03-06 11:36:51','0000-00-00 00:00:00','0'),('226','admin','122.169.118.141','2014-03-06 12:14:43','0000-00-00 00:00:00','0'),('227','admin','122.169.118.141','2014-03-06 14:27:40','0000-00-00 00:00:00','0'),('228','admin','122.169.118.141','2014-03-06 15:44:58','0000-00-00 00:00:00','0'),('229','admin','122.169.118.141','2014-03-07 10:49:10','0000-00-00 00:00:00','0'),('230','admin','122.169.118.141','2014-03-07 10:54:49','0000-00-00 00:00:00','0'),('231','admin','122.169.118.141','2014-03-07 18:19:13','0000-00-00 00:00:00','0'),('232','admin','122.169.118.141','2014-03-08 10:49:25','0000-00-00 00:00:00','0'),('233','admin','122.169.118.141','2014-03-10 10:29:32','0000-00-00 00:00:00','0'),('234','admin','122.169.118.141','2014-03-10 17:07:03','0000-00-00 00:00:00','0'),('235','admin','122.169.118.141','2014-03-10 17:17:54','0000-00-00 00:00:00','0'),('236','admin','122.169.118.141','2014-03-10 17:22:58','0000-00-00 00:00:00','0'),('237','admin','122.169.118.141','2014-03-10 17:29:24','0000-00-00 00:00:00','0'),('238','admin','122.169.118.141','2014-03-11 10:42:11','0000-00-00 00:00:00','0'),('239','admin','122.169.118.141','2014-03-11 18:35:35','0000-00-00 00:00:00','0'),('240','admin','122.169.118.141','2014-03-12 10:50:46','0000-00-00 00:00:00','0'),('241','admin','122.169.118.141','2014-03-12 11:09:35','0000-00-00 00:00:00','0'),('242','admin','122.169.118.141','2014-03-12 19:32:18','0000-00-00 00:00:00','0'),('243','admin','122.169.118.141','2014-03-19 19:39:40','0000-00-00 00:00:00','0'),('244','admin','122.169.118.141','2014-03-25 10:27:58','0000-00-00 00:00:00','0'),('245','admin','122.169.118.141','2014-03-25 12:45:34','0000-00-00 00:00:00','0'),('246','admin','122.166.124.21','2014-03-26 13:41:49','0000-00-00 00:00:00','1'),('247','admin','122.169.118.141','2014-03-26 16:31:37','0000-00-00 00:00:00','0'),('248','admin','122.169.118.141','2014-03-27 13:51:10','0000-00-00 00:00:00','0'),('249','admin','122.169.118.141','2014-03-27 18:19:12','0000-00-00 00:00:00','0'),('250','admin','122.169.118.141','2014-03-27 19:33:23','0000-00-00 00:00:00','0'),('251','admin','122.169.118.141','2014-03-28 10:56:11','0000-00-00 00:00:00','0'),('252','admin','122.169.118.141','2014-03-28 11:34:18','0000-00-00 00:00:00','0'),('253','admin','122.169.118.141','2014-03-28 14:33:10','0000-00-00 00:00:00','0'),('254','admin','122.169.118.141','2014-03-28 15:27:41','0000-00-00 00:00:00','0'),('255','admin','122.169.118.141','2014-03-28 20:08:33','0000-00-00 00:00:00','0'),('256','admin','122.169.118.141','2014-03-29 15:32:33','0000-00-00 00:00:00','0'),('257','admin','27.7.164.174','2014-03-29 16:41:17','0000-00-00 00:00:00','1'),('258','admin','122.169.118.141','2014-03-29 19:43:20','0000-00-00 00:00:00','0'),('259','admin','122.169.118.141','2014-03-31 11:52:53','0000-00-00 00:00:00','0'),('260','admin','122.169.118.141','2014-03-31 12:25:17','0000-00-00 00:00:00','0'),('261','admin','122.169.118.141','2014-03-31 17:07:34','0000-00-00 00:00:00','1'),('262','admin','122.169.118.141','2014-03-31 17:25:26','0000-00-00 00:00:00','1'),('263','admin','122.169.118.141','2014-03-31 19:21:26','0000-00-00 00:00:00','1'),('264','admin','122.169.118.141','2014-04-01 10:18:09','0000-00-00 00:00:00','1'),('265','admin','122.169.118.141','2014-04-01 11:03:30','0000-00-00 00:00:00','1'),('266','admin','122.169.118.141','2014-04-01 14:08:16','0000-00-00 00:00:00','1'),('267','admin','122.169.118.141','2014-04-01 17:40:25','0000-00-00 00:00:00','1'),('268','admin','122.169.118.141','2014-04-02 11:45:58','0000-00-00 00:00:00','1'),('269','admin','122.169.118.141','2014-04-02 17:36:58','0000-00-00 00:00:00','1'),('270','admin','122.169.118.141','2014-04-03 16:55:27','0000-00-00 00:00:00','1'),('271','admin','122.169.118.141','2014-04-07 18:58:37','0000-00-00 00:00:00','1'),('272','admin','122.169.118.141','2014-04-10 16:26:30','0000-00-00 00:00:00','1'),('273','admin','122.169.118.141','2014-04-12 16:48:03','0000-00-00 00:00:00','1'),('274','admin','122.169.118.141','2014-04-23 11:49:22','0000-00-00 00:00:00','1'),('275','admin','122.169.118.141','2014-04-28 16:46:12','0000-00-00 00:00:00','1'),('276','admin','122.169.118.141','2014-04-28 17:28:42','0000-00-00 00:00:00','1'),('277','admin','122.169.118.141','2014-04-28 18:45:01','0000-00-00 00:00:00','1'),('278','admin','122.169.118.141','2014-04-28 19:07:41','0000-00-00 00:00:00','1'),('279','admin','122.169.118.141','2014-05-01 11:53:27','0000-00-00 00:00:00','1'),('280','admin','122.169.118.141','2014-05-16 19:26:45','0000-00-00 00:00:00','1'),('281','admin','122.169.118.141','2014-05-16 21:01:05','0000-00-00 00:00:00','1'),('282','admin','122.169.118.141','2014-05-28 12:58:02','0000-00-00 00:00:00','1');
/*!40000 ALTER TABLE `coz_login_history` ENABLE KEYS */;

DROP TABLE IF EXISTS `deal_master`;
CREATE TABLE `deal_master` (
  `deal_id` int(11) NOT NULL AUTO_INCREMENT,
  `title` varchar(64) NOT NULL,
  `description` varchar(64) NOT NULL,
  `status` tinyint(4) NOT NULL,
  `created_date` timestamp NOT NULL DEFAULT CURRENT_TIMESTAMP ON UPDATE CURRENT_TIMESTAMP,
  `created_by` tinyint(4) NOT NULL,
  `modified_date` timestamp NOT NULL DEFAULT '0000-00-00 00:00:00',
  `modified_by` tinyint(4) NOT NULL,
  `deleted` tinyint(4) NOT NULL,
  PRIMARY KEY (`deal_id`)
) ENGINE=InnoDB AUTO_INCREMENT=6 DEFAULT CHARSET=latin1;

/*!40000 ALTER TABLE `deal_master` DISABLE KEYS */;
INSERT INTO `deal_master` VALUES ('2','DeaL','Deal is completed,','1','2014-02-24 00:00:00','1','2014-02-24 00:00:00','1','0'),('5','value','value','1','2014-02-26 00:00:00','1','0000-00-00 00:00:00','0','0');
/*!40000 ALTER TABLE `deal_master` ENABLE KEYS */;

DROP TABLE IF EXISTS `device_master`;
CREATE TABLE `device_master` (
  `id` int(11) NOT NULL AUTO_INCREMENT,
  `device_id` int(11) NOT NULL,
  `registration_id` int(11) NOT NULL,
  `device_width` int(11) NOT NULL,
  `device_height` int(11) NOT NULL,
  `status` tinyint(4) NOT NULL DEFAULT '1',
  `modified_date` timestamp NOT NULL DEFAULT CURRENT_TIMESTAMP ON UPDATE CURRENT_TIMESTAMP,
  PRIMARY KEY (`id`)
) ENGINE=InnoDB AUTO_INCREMENT=955 DEFAULT CHARSET=latin1;

/*!40000 ALTER TABLE `device_master` DISABLE KEYS */;
INSERT INTO `device_master` VALUES ('37','2147483647','0','800','445','1','2014-03-31 05:58:18'),('43','0','0','720','1184','1','2014-06-02 03:25:53'),('44','2147483647','0','800','445','1','2014-03-31 06:43:11'),('45','2147483647','0','800','445','1','2014-03-31 06:43:11'),('46','2147483647','0','800','445','1','2014-03-31 06:43:11'),('47','2147483647','0','800','445','1','2014-03-31 07:22:19'),('48','2147483647','0','800','445','1','2014-03-31 07:22:19'),('49','2147483647','0','800','445','1','2014-03-31 07:22:19'),('50','2147483647','0','800','445','1','2014-03-31 07:22:19'),('51','2147483647','0','800','445','1','2014-03-31 07:22:19'),('52','2147483647','0','800','445','1','2014-03-31 07:22:19'),('53','2147483647','0','800','445','1','2014-03-31 07:22:19'),('54','2147483647','0','800','445','1','2014-03-31 07:22:19'),('55','2147483647','0','800','445','1','2014-03-31 07:22:19'),('56','2147483647','0','800','445','1','2014-03-31 07:22:19'),('57','2147483647','0','800','445','1','2014-03-31 08:26:57'),('58','2147483647','0','800','445','1','2014-03-31 08:26:57'),('59','2147483647','0','800','445','1','2014-03-31 08:26:57'),('60','2147483647','0','800','445','1','2014-03-31 08:26:57'),('61','2147483647','0','800','445','1','2014-03-31 08:26:57'),('62','2147483647','0','800','445','1','2014-03-31 08:26:57'),('63','2147483647','0','800','445','1','2014-03-31 08:26:57'),('64','2147483647','0','800','445','1','2014-03-31 08:26:57'),('65','2147483647','0','800','445','1','2014-03-31 08:26:57'),('66','2147483647','0','800','445','1','2014-03-31 08:26:57'),('67','2147483647','0','800','445','1','2014-03-31 08:26:57'),('68','2147483647','0','800','445','1','2014-03-31 09:27:41'),('69','2147483647','0','800','445','1','2014-03-31 09:27:41'),('70','2147483647','0','800','445','1','2014-03-31 09:27:41'),('71','2147483647','0','800','445','1','2014-03-31 09:27:41'),('72','2147483647','0','800','445','1','2014-03-31 09:27:41'),('73','2147483647','0','800','445','1','2014-03-31 09:27:41'),('74','2147483647','0','800','445','1','2014-03-31 09:27:41'),('75','2147483647','0','800','445','1','2014-03-31 09:27:41'),('76','2147483647','0','800','445','1','2014-03-31 09:27:41'),('77','2147483647','0','800','445','1','2014-03-31 09:27:41'),('78','2147483647','0','800','445','1','2014-03-31 09:27:41'),('79','2147483647','0','800','445','1','2014-03-31 09:27:41'),('80','2147483647','0','800','445','1','2014-03-31 09:27:41'),('81','2147483647','0','800','445','1','2014-03-31 09:27:41'),('82','2147483647','0','800','445','1','2014-03-31 09:27:41'),('83','2147483647','0','800','445','1','2014-03-31 09:27:41'),('84','2147483647','0','800','445','1','2014-03-31 09:28:54'),('85','2147483647','0','800','445','1','2014-03-31 09:28:54'),('86','2147483647','0','480','800','1','2014-03-31 09:28:56'),('87','2147483647','0','480','800','1','2014-03-31 09:37:49'),('88','2147483647','0','480','800','1','2014-03-31 09:41:33'),('89','2147483647','0','480','800','1','2014-03-31 09:43:21'),('90','2147483647','0','480','800','1','2014-03-31 09:45:40'),('91','2147483647','0','480','800','1','2014-03-31 09:48:05'),('92','2147483647','0','800','1205','1','2014-03-31 09:48:10'),('93','2147483647','0','1080','1776','1','2014-03-31 09:51:39'),('94','2147483647','0','1080','1776','1','2014-03-31 09:54:54'),('95','2147483647','0','720','1280','1','2014-03-31 09:55:19'),('96','2147483647','0','1080','1776','1','2014-03-31 09:56:25'),('97','2147483647','0','720','1280','1','2014-03-31 09:56:32'),('98','2147483647','0','1080','1776','1','2014-03-31 09:58:10'),('99','2147483647','0','720','1280','1','2014-03-31 14:10:36'),('100','2147483647','0','720','1280','1','2014-03-31 14:11:13'),('101','2147483647','0','480','800','1','2014-04-01 03:38:53'),('102','2147483647','0','480','800','1','2014-04-01 03:51:52'),('103','2147483647','0','480','800','1','2014-04-01 05:02:17'),('104','2147483647','0','480','800','1','2014-04-01 05:23:27'),('105','2147483647','0','480','800','1','2014-04-01 05:33:42'),('106','2147483647','0','480','800','1','2014-04-01 05:35:21'),('107','2147483647','0','480','800','1','2014-04-01 05:37:20'),('108','2147483647','0','480','800','1','2014-04-01 05:39:36'),('109','2147483647','0','480','800','1','2014-04-01 05:41:07'),('110','2147483647','0','480','800','1','2014-04-01 05:49:01'),('111','2147483647','0','480','800','1','2014-04-01 06:39:17'),('112','2147483647','0','480','800','1','2014-04-01 06:42:00'),('113','2147483647','0','480','800','1','2014-04-01 06:46:18'),('114','2147483647','0','480','800','1','2014-04-01 06:50:14'),('115','2147483647','0','480','800','1','2014-04-01 06:52:13'),('116','2147483647','0','480','800','1','2014-04-01 07:00:36'),('117','2147483647','0','480','800','1','2014-04-01 07:11:34'),('118','2147483647','0','480','800','1','2014-04-01 08:20:50'),('119','2147483647','0','480','800','1','2014-04-01 08:25:02'),('120','2147483647','0','480','800','1','2014-04-01 08:37:54'),('121','2147483647','0','480','800','1','2014-04-01 08:39:20'),('122','2147483647','0','480','800','1','2014-04-01 08:46:22'),('123','2147483647','0','480','800','1','2014-04-01 09:03:12'),('124','2147483647','0','480','800','1','2014-04-01 09:06:13'),('125','2147483647','0','480','800','1','2014-04-01 09:08:44'),('126','2147483647','0','480','800','1','2014-04-01 09:14:47'),('127','2147483647','0','480','800','1','2014-04-01 09:16:24'),('128','2147483647','0','480','800','1','2014-04-01 09:20:15'),('129','2147483647','0','480','800','1','2014-04-01 09:22:20'),('130','2147483647','0','480','800','1','2014-04-02 00:07:51'),('131','2147483647','0','1066','552','1','2014-04-02 00:27:27'),('132','2147483647','0','1066','552','1','2014-04-02 00:28:17'),('133','2147483647','0','480','800','1','2014-04-02 00:36:22'),('134','2147483647','0','1066','552','1','2014-04-02 01:02:16'),('135','2147483647','0','480','800','1','2014-04-02 01:04:15'),('136','2147483647','0','480','800','1','2014-04-02 01:06:21'),('137','2147483647','0','480','800','1','2014-04-02 01:10:05'),('138','2147483647','0','480','800','1','2014-04-02 01:27:17'),('139','2147483647','0','480','800','1','2014-04-02 01:36:44'),('140','2147483647','0','480','800','1','2014-04-02 01:38:45'),('141','2147483647','0','480','800','1','2014-04-02 02:16:04'),('142','2147483647','0','480','800','1','2014-04-02 03:55:19'),('143','2147483647','0','1080','1776','1','2014-04-02 05:29:10'),('144','2147483647','0','1080','1776','1','2014-04-02 05:29:49'),('145','2147483647','0','1080','1776','1','2014-04-02 05:32:40'),('146','2147483647','0','480','800','1','2014-04-02 06:14:05'),('147','2147483647','0','480','800','1','2014-04-02 06:17:41'),('148','2147483647','0','480','800','1','2014-04-02 06:20:47'),('149','2147483647','0','480','800','1','2014-04-02 06:24:53'),('150','2147483647','0','480','800','1','2014-04-02 07:01:50'),('151','2147483647','0','480','800','1','2014-04-02 07:04:45'),('152','2147483647','0','480','800','1','2014-04-02 07:33:08'),('153','2147483647','0','480','800','1','2014-04-02 07:37:02'),('154','2147483647','0','480','800','1','2014-04-02 09:05:32'),('155','2147483647','0','480','800','1','2014-04-02 09:06:28'),('156','2147483647','0','480','800','1','2014-04-02 09:54:27'),('157','2147483647','0','480','800','1','2014-04-03 00:56:40'),('158','2147483647','0','480','800','1','2014-04-03 01:10:21'),('159','2147483647','0','480','800','1','2014-04-03 01:16:34'),('160','2147483647','0','480','800','1','2014-04-03 02:23:25'),('161','2147483647','0','480','800','1','2014-04-03 02:28:42'),('162','2147483647','0','480','800','1','2014-04-03 02:29:00'),('163','2147483647','0','480','800','1','2014-04-03 04:32:32'),('164','2147483647','0','480','800','1','2014-04-03 05:15:11'),('165','2147483647','0','480','800','1','2014-04-03 05:22:01'),('166','2147483647','0','480','800','1','2014-04-03 05:25:09'),('167','2147483647','0','480','800','1','2014-04-03 05:27:31'),('168','2147483647','0','480','800','1','2014-04-03 05:31:18'),('169','2147483647','0','480','800','1','2014-04-03 05:32:44'),('170','2147483647','0','480','800','1','2014-04-03 05:35:48'),('171','2147483647','0','480','800','1','2014-04-03 05:40:55'),('172','2147483647','0','480','800','1','2014-04-03 06:05:54'),('173','2147483647','0','480','800','1','2014-04-03 06:09:01'),('174','2147483647','0','480','800','1','2014-04-03 06:15:01'),('175','2147483647','0','480','800','1','2014-04-03 06:17:13'),('176','2147483647','0','480','800','1','2014-04-03 06:20:28'),('177','2147483647','0','480','800','1','2014-04-03 06:22:34'),('178','2147483647','0','480','800','1','2014-04-03 06:25:01'),('179','2147483647','0','480','800','1','2014-04-03 06:27:02'),('180','2147483647','0','480','800','1','2014-04-03 06:30:12'),('181','2147483647','0','480','800','1','2014-04-03 06:35:07'),('182','2147483647','0','480','800','1','2014-04-03 06:38:49'),('183','2147483647','0','480','800','1','2014-04-03 08:27:38'),('184','2147483647','0','480','800','1','2014-04-03 08:34:10'),('185','2147483647','0','480','800','1','2014-04-03 08:50:14'),('186','2147483647','0','480','800','1','2014-04-03 23:44:32'),('187','2147483647','0','480','800','1','2014-04-04 00:39:31'),('188','2147483647','0','480','800','1','2014-04-04 00:55:30'),('189','2147483647','0','480','800','1','2014-04-04 00:59:56'),('190','2147483647','0','480','800','1','2014-04-04 01:04:58'),('191','2147483647','0','480','800','1','2014-04-04 01:13:47'),('192','2147483647','0','480','800','1','2014-04-04 01:35:55'),('193','2147483647','0','480','800','1','2014-04-04 01:41:23'),('194','2147483647','0','480','800','1','2014-04-04 01:44:21'),('195','2147483647','0','480','800','1','2014-04-04 01:46:42'),('196','2147483647','0','480','800','1','2014-04-04 01:52:03'),('197','2147483647','0','480','800','1','2014-04-04 02:04:12'),('198','2147483647','0','480','800','1','2014-04-04 02:09:22'),('199','2147483647','0','480','800','1','2014-04-04 02:12:49'),('200','2147483647','0','480','800','1','2014-04-04 02:15:32'),('201','2147483647','0','480','800','1','2014-04-04 02:35:59'),('202','2147483647','0','480','800','1','2014-04-04 02:57:15'),('203','2147483647','0','480','800','1','2014-04-04 03:02:04'),('204','2147483647','0','480','800','1','2014-04-04 03:32:43'),('205','2147483647','0','480','800','1','2014-04-04 03:56:55'),('206','2147483647','0','480','800','1','2014-04-04 04:48:34'),('207','2147483647','0','480','800','1','2014-04-04 04:57:01'),('208','2147483647','0','480','800','1','2014-04-04 05:37:34'),('209','2147483647','0','480','800','1','2014-04-04 05:41:36'),('210','2147483647','0','480','800','1','2014-04-04 05:52:01'),('211','2147483647','0','800','1205','1','2014-04-04 07:01:29'),('212','2147483647','0','800','1205','1','2014-04-04 07:02:34'),('213','2147483647','0','480','800','1','2014-04-04 07:23:50'),('214','2147483647','0','480','800','1','2014-04-04 07:26:05'),('215','2147483647','0','480','800','1','2014-04-04 07:32:11'),('216','2147483647','0','480','800','1','2014-04-04 07:35:29'),('217','2147483647','0','480','800','1','2014-04-04 07:40:45'),('218','2147483647','0','480','800','1','2014-04-04 07:42:44'),('219','2147483647','0','480','800','1','2014-04-04 08:15:41'),('220','2147483647','0','480','800','1','2014-04-04 08:18:19'),('221','2147483647','0','480','800','1','2014-04-04 08:27:06'),('222','2147483647','0','480','800','1','2014-04-04 08:31:34'),('223','2147483647','0','480','800','1','2014-04-04 08:34:37'),('224','2147483647','0','1080','1776','1','2014-04-05 05:41:54'),('225','2147483647','0','1080','1776','1','2014-04-05 05:43:47'),('226','2147483647','0','1080','1776','1','2014-04-05 06:44:05'),('227','2147483647','0','1080','1776','1','2014-04-05 06:44:59'),('228','2147483647','0','1080','1776','1','2014-04-05 06:45:38'),('229','2147483647','0','1080','1776','1','2014-04-05 06:46:41'),('230','2147483647','0','1080','1776','1','2014-04-05 06:47:29'),('231','2147483647','0','1080','1776','1','2014-04-05 06:48:27'),('232','2147483647','0','1080','1776','1','2014-04-05 06:49:11'),('233','2147483647','0','720','1280','1','2014-04-06 01:19:58'),('234','2147483647','0','720','1280','1','2014-04-06 12:48:45'),('235','2147483647','0','720','1280','1','2014-04-06 12:50:45'),('236','2147483647','0','480','800','1','2014-04-07 00:06:43'),('237','2147483647','0','480','800','1','2014-04-07 00:22:50'),('238','2147483647','0','480','800','1','2014-04-07 03:39:35'),('239','2147483647','0','480','800','1','2014-04-07 04:05:19'),('240','2147483647','0','480','800','1','2014-04-07 04:30:28'),('241','2147483647','0','480','800','1','2014-04-07 05:03:32'),('242','2147483647','0','480','800','1','2014-04-07 05:06:06'),('243','2147483647','0','480','800','1','2014-04-07 05:20:43'),('244','2147483647','0','480','800','1','2014-04-07 05:22:19'),('245','2147483647','0','480','800','1','2014-04-07 05:24:16'),('246','2147483647','0','480','800','1','2014-04-07 05:25:41'),('247','2147483647','0','480','800','1','2014-04-07 05:27:17'),('248','2147483647','0','480','800','1','2014-04-07 05:42:22'),('249','2147483647','0','480','800','1','2014-04-07 05:48:49'),('250','2147483647','0','480','800','1','2014-04-07 05:50:40'),('251','2147483647','0','480','800','1','2014-04-07 05:55:16'),('252','2147483647','0','480','800','1','2014-04-07 05:56:52'),('253','2147483647','0','480','800','1','2014-04-07 05:59:23'),('254','2147483647','0','480','800','1','2014-04-07 06:07:31'),('255','2147483647','0','480','800','1','2014-04-07 06:09:54'),('256','2147483647','0','480','800','1','2014-04-07 06:14:41'),('257','2147483647','0','480','800','1','2014-04-07 06:16:56'),('258','2147483647','0','480','800','1','2014-04-07 06:22:35'),('259','2147483647','0','480','800','1','2014-04-07 06:24:52'),('260','2147483647','0','480','800','1','2014-04-07 06:28:44'),('261','2147483647','0','480','800','1','2014-04-07 06:29:12'),('262','2147483647','0','480','800','1','2014-04-07 06:29:35'),('263','2147483647','0','480','800','1','2014-04-07 06:32:26'),('264','2147483647','0','480','800','1','2014-04-07 06:37:28'),('265','2147483647','0','480','800','1','2014-04-07 06:46:26'),('266','2147483647','0','480','800','1','2014-04-07 06:49:51'),('267','2147483647','0','480','800','1','2014-04-07 06:54:11'),('268','2147483647','0','480','800','1','2014-04-07 06:57:23'),('269','2147483647','0','480','800','1','2014-04-07 06:57:59'),('270','2147483647','0','480','800','1','2014-04-07 07:21:14'),('271','2147483647','0','480','800','1','2014-04-07 07:21:44'),('272','2147483647','0','480','800','1','2014-04-07 07:33:00'),('273','2147483647','0','480','800','1','2014-04-07 07:33:17'),('274','2147483647','0','480','800','1','2014-04-07 07:43:02'),('275','2147483647','0','480','800','1','2014-04-07 07:45:16'),('276','2147483647','0','480','800','1','2014-04-07 07:47:21'),('277','2147483647','0','480','800','1','2014-04-07 07:52:27'),('278','2147483647','0','480','800','1','2014-04-07 08:22:11'),('279','2147483647','0','480','800','1','2014-04-07 08:26:51'),('280','2147483647','0','480','800','1','2014-04-07 08:38:19'),('281','2147483647','0','480','800','1','2014-04-07 08:40:21'),('282','2147483647','0','480','800','1','2014-04-07 08:48:09'),('283','2147483647','0','480','800','1','2014-04-07 08:50:32'),('284','2147483647','0','480','800','1','2014-04-07 08:54:16'),('285','2147483647','0','480','800','1','2014-04-07 08:55:58'),('286','2147483647','0','480','800','1','2014-04-07 08:59:45'),('287','2147483647','0','480','800','1','2014-04-07 09:07:01'),('288','2147483647','0','480','800','1','2014-04-07 09:10:42'),('289','2147483647','0','480','800','1','2014-04-07 09:12:55'),('290','2147483647','0','480','800','1','2014-04-07 09:15:08'),('291','2147483647','0','480','800','1','2014-04-07 09:20:05'),('292','2147483647','0','480','800','1','2014-04-07 09:22:38'),('293','2147483647','0','480','800','1','2014-04-07 09:24:45'),('294','2147483647','0','480','800','1','2014-04-07 09:26:47'),('295','2147483647','0','480','800','1','2014-04-07 09:29:35'),('296','2147483647','0','480','800','1','2014-04-07 09:31:02'),('297','2147483647','0','720','1280','1','2014-04-07 10:02:31'),('298','2147483647','0','480','800','1','2014-04-07 10:06:48'),('299','2147483647','0','720','1280','1','2014-04-07 10:08:35'),('300','2147483647','0','480','800','1','2014-04-07 10:10:37'),('301','2147483647','0','1080','1776','1','2014-04-07 10:22:52'),('302','2147483647','0','1080','1776','1','2014-04-07 10:34:52'),('303','2147483647','0','1080','1776','1','2014-04-07 10:37:52'),('304','2147483647','0','720','1280','1','2014-04-07 10:46:26'),('305','2147483647','0','720','1280','1','2014-04-07 10:47:33'),('306','2147483647','0','720','1280','1','2014-04-07 12:09:09'),('307','2147483647','0','720','1280','1','2014-04-07 12:10:42'),('308','2147483647','0','480','800','1','2014-04-07 13:01:19'),('309','2147483647','0','480','800','1','2014-04-07 13:13:53'),('310','2147483647','0','1080','1776','1','2014-04-07 13:14:08'),('311','2147483647','0','480','800','1','2014-04-07 13:16:19'),('312','2147483647','0','1080','1776','1','2014-04-07 13:26:32'),('313','2147483647','0','480','800','1','2014-04-09 03:25:24'),('314','2147483647','0','480','800','1','2014-04-10 04:18:04'),('315','2147483647','0','480','800','1','2014-04-10 04:21:05'),('316','2147483647','0','480','800','1','2014-04-10 04:32:01'),('317','2147483647','0','480','800','1','2014-04-10 04:39:35'),('318','2147483647','0','480','800','1','2014-04-10 04:56:45'),('319','2147483647','0','480','800','1','2014-04-10 05:00:09'),('320','2147483647','0','480','800','1','2014-04-10 05:04:48'),('321','2147483647','0','480','800','1','2014-04-10 05:06:21'),('322','2147483647','0','480','800','1','2014-04-10 05:08:37'),('323','2147483647','0','480','800','1','2014-04-10 05:08:55'),('324','2147483647','0','480','800','1','2014-04-10 05:10:10'),('325','2147483647','0','480','800','1','2014-04-10 05:19:49'),('326','2147483647','0','540','960','1','2014-04-10 05:20:46'),('327','2147483647','0','540','960','1','2014-04-10 05:23:06'),('328','2147483647','0','480','800','1','2014-04-10 05:25:10'),('329','2147483647','0','480','800','1','2014-04-10 06:20:58'),('330','2147483647','0','480','800','1','2014-04-10 06:22:49'),('331','2147483647','0','480','800','1','2014-04-10 06:30:46'),('332','2147483647','0','480','800','1','2014-04-10 06:37:29'),('333','2147483647','0','480','800','1','2014-04-10 06:39:17'),('334','2147483647','0','480','800','1','2014-04-10 06:55:20'),('335','2147483647','0','480','800','1','2014-04-10 06:55:27'),('336','2147483647','0','480','800','1','2014-04-10 07:02:55'),('337','2147483647','0','480','800','1','2014-04-10 07:04:22'),('338','2147483647','0','480','800','1','2014-04-10 07:08:49'),('339','2147483647','0','480','800','1','2014-04-10 07:20:01'),('340','2147483647','0','480','800','1','2014-04-10 07:23:24'),('341','2147483647','0','480','800','1','2014-04-10 07:25:44'),('342','2147483647','0','480','800','1','2014-04-10 07:30:43'),('343','2147483647','0','480','800','1','2014-04-10 07:32:05'),('344','2147483647','0','480','800','1','2014-04-10 07:34:35'),('345','2147483647','0','480','800','1','2014-04-10 07:49:14'),('346','2147483647','0','480','800','1','2014-04-10 07:59:02'),('347','2147483647','0','480','800','1','2014-04-10 08:13:19'),('348','2147483647','0','480','800','1','2014-04-10 08:14:31'),('349','2147483647','0','480','800','1','2014-04-10 08:16:49'),('350','2147483647','0','480','800','1','2014-04-10 08:19:51'),('351','2147483647','0','480','800','1','2014-04-10 08:21:05'),('352','2147483647','0','480','800','1','2014-04-10 08:25:18'),('353','2147483647','0','480','800','1','2014-04-10 08:26:53'),('354','2147483647','0','480','800','1','2014-04-10 08:28:26'),('355','2147483647','0','480','800','1','2014-04-10 08:29:55'),('356','2147483647','0','480','800','1','2014-04-10 08:31:45'),('357','2147483647','0','480','800','1','2014-04-10 08:32:55'),('358','2147483647','0','480','800','1','2014-04-10 08:36:33'),('359','2147483647','0','480','800','1','2014-04-10 08:39:44'),('360','2147483647','0','480','800','1','2014-04-10 08:40:22'),('361','2147483647','0','480','800','1','2014-04-10 08:49:20'),('362','2147483647','0','480','800','1','2014-04-10 08:53:26'),('363','2147483647','0','480','800','1','2014-04-10 08:59:10'),('364','2147483647','0','480','800','1','2014-04-10 09:03:34'),('365','2147483647','0','480','800','1','2014-04-10 09:05:09'),('366','2147483647','0','480','800','1','2014-04-10 09:13:14'),('367','2147483647','0','720','1280','1','2014-04-10 20:42:30'),('368','2147483647','0','480','800','1','2014-04-11 00:09:47'),('369','2147483647','0','480','800','1','2014-04-11 00:56:49'),('370','2147483647','0','480','800','1','2014-04-11 03:49:15'),('371','2147483647','0','480','800','1','2014-04-11 04:04:21'),('372','2147483647','0','480','800','1','2014-04-11 08:20:11'),('373','2147483647','0','480','800','1','2014-04-11 08:25:18'),('374','2147483647','0','480','800','1','2014-04-11 08:50:36'),('375','2147483647','0','480','800','1','2014-04-11 08:54:00'),('376','2147483647','0','480','800','1','2014-04-11 08:55:29'),('377','2147483647','0','480','800','1','2014-04-11 09:09:03'),('378','2147483647','0','480','800','1','2014-04-11 09:22:06'),('379','2147483647','0','720','1280','1','2014-04-11 10:10:07'),('380','2147483647','0','1080','1776','1','2014-04-11 11:30:38'),('381','2147483647','0','1080','1776','1','2014-04-11 11:48:18'),('382','2147483647','0','480','800','1','2014-04-11 13:09:11'),('383','2147483647','0','480','800','1','2014-04-12 00:41:26'),('384','2147483647','0','480','800','1','2014-04-12 01:44:57'),('385','2147483647','0','1080','1776','1','2014-04-12 04:21:05'),('386','2147483647','0','480','800','1','2014-04-12 06:52:50'),('387','2147483647','0','480','800','1','2014-04-12 06:53:15'),('388','2147483647','0','480','800','1','2014-04-12 07:02:27'),('389','2147483647','0','480','800','1','2014-04-12 07:23:03'),('390','2147483647','0','480','800','1','2014-04-12 07:38:54'),('391','2147483647','0','480','800','1','2014-04-12 07:59:33'),('392','2147483647','0','720','1280','1','2014-04-12 08:02:07'),('393','2147483647','0','480','800','1','2014-04-12 08:04:08'),('394','2147483647','0','1080','1776','1','2014-04-12 08:12:38'),('395','2147483647','0','480','800','1','2014-04-12 08:15:42'),('396','2147483647','0','480','800','1','2014-04-12 08:24:36'),('397','2147483647','0','480','800','1','2014-04-12 08:25:52'),('398','2147483647','0','480','800','1','2014-04-12 08:27:53'),('399','2147483647','0','480','800','1','2014-04-12 08:35:52'),('400','2147483647','0','480','800','1','2014-04-12 08:38:41'),('401','2147483647','0','480','800','1','2014-04-12 08:52:06'),('402','2147483647','0','480','800','1','2014-04-12 08:54:15'),('403','2147483647','0','480','800','1','2014-04-12 09:00:14'),('404','2147483647','0','720','1280','1','2014-04-12 12:56:09'),('405','2147483647','0','480','800','1','2014-04-14 00:20:44'),('406','2147483647','0','480','800','1','2014-04-14 00:31:39'),('407','2147483647','0','480','800','1','2014-04-14 00:32:54'),('408','2147483647','0','480','800','1','2014-04-14 00:34:13'),('409','2147483647','0','480','800','1','2014-04-14 00:36:05'),('410','2147483647','0','480','800','1','2014-04-14 00:38:36'),('411','2147483647','0','480','800','1','2014-04-14 01:15:59'),('412','2147483647','0','480','800','1','2014-04-14 02:12:27'),('413','2147483647','0','720','1280','1','2014-04-14 02:18:44'),('414','2147483647','0','480','800','1','2014-04-14 02:59:08'),('415','2147483647','0','480','800','1','2014-04-14 03:01:07'),('416','2147483647','0','480','800','1','2014-04-14 03:03:46'),('417','2147483647','0','480','800','1','2014-04-14 03:04:24'),('418','2147483647','0','480','800','1','2014-04-14 03:06:58'),('419','2147483647','0','480','800','1','2014-04-14 03:07:55'),('420','2147483647','0','480','800','1','2014-04-14 03:41:20'),('421','2147483647','0','480','800','1','2014-04-14 03:42:59'),('422','2147483647','0','480','800','1','2014-04-14 03:45:02'),('423','2147483647','0','480','800','1','2014-04-14 03:46:16'),('424','2147483647','0','480','800','1','2014-04-14 03:47:17'),('425','2147483647','0','480','800','1','2014-04-14 03:51:38'),('426','2147483647','0','480','800','1','2014-04-14 04:19:01'),('427','2147483647','0','480','800','1','2014-04-14 04:20:24'),('428','2147483647','0','480','800','1','2014-04-14 05:02:37'),('429','2147483647','0','480','800','1','2014-04-14 05:26:19'),('430','2147483647','0','480','800','1','2014-04-14 06:50:01'),('431','2147483647','0','480','800','1','2014-04-14 06:52:03'),('432','2147483647','0','480','800','1','2014-04-14 06:53:34'),('433','2147483647','0','480','800','1','2014-04-14 07:10:03'),('434','2147483647','0','480','800','1','2014-04-14 07:37:41'),('435','2147483647','0','480','800','1','2014-04-14 07:43:18'),('436','2147483647','0','480','800','1','2014-04-14 07:46:13'),('437','2147483647','0','480','800','1','2014-04-14 07:49:01'),('438','2147483647','0','480','800','1','2014-04-14 07:53:37'),('439','2147483647','0','480','800','1','2014-04-14 07:56:42'),('440','2147483647','0','480','800','1','2014-04-14 08:04:37'),('441','2147483647','0','480','800','1','2014-04-14 08:06:54'),('442','2147483647','0','480','800','1','2014-04-14 08:09:16'),('443','2147483647','0','480','800','1','2014-04-14 08:14:34'),('444','2147483647','0','480','800','1','2014-04-14 08:41:10'),('445','2147483647','0','480','800','1','2014-04-14 08:52:19'),('446','2147483647','0','480','800','1','2014-04-15 01:29:50'),('447','2147483647','0','480','800','1','2014-04-15 01:34:29'),('448','2147483647','0','480','800','1','2014-04-15 01:50:20'),('449','2147483647','0','480','800','1','2014-04-15 01:59:28'),('450','2147483647','0','480','800','1','2014-04-15 02:00:19'),('451','2147483647','0','480','800','1','2014-04-15 03:57:53'),('452','2147483647','0','480','800','1','2014-04-15 04:22:21'),('453','2147483647','0','480','800','1','2014-04-15 04:47:12'),('454','2147483647','0','480','800','1','2014-04-15 05:00:03'),('455','2147483647','0','480','800','1','2014-04-15 05:14:23'),('456','2147483647','0','480','800','1','2014-04-15 05:15:51'),('457','2147483647','0','480','800','1','2014-04-15 05:45:39'),('458','2147483647','0','480','800','1','2014-04-15 05:47:43'),('459','2147483647','0','480','800','1','2014-04-15 08:29:38'),('460','2147483647','0','480','800','1','2014-04-15 08:33:16'),('461','2147483647','0','480','800','1','2014-04-15 09:07:24'),('462','2147483647','0','720','1280','1','2014-04-15 09:31:16'),('463','2147483647','0','1080','1776','1','2014-04-15 09:34:21'),('464','2147483647','0','720','1280','1','2014-04-15 09:35:46'),('465','2147483647','0','720','1280','1','2014-04-15 09:52:02'),('466','2147483647','0','720','1280','1','2014-04-15 11:05:20'),('467','2147483647','0','1080','1776','1','2014-04-15 12:50:18'),('468','2147483647','0','720','1280','1','2014-04-15 13:04:34'),('469','2147483647','0','720','1280','1','2014-04-15 13:06:06'),('470','2147483647','0','480','800','1','2014-04-16 00:29:19'),('471','2147483647','0','480','800','1','2014-04-16 08:46:46'),('472','2147483647','0','480','800','1','2014-04-16 09:17:27'),('473','2147483647','0','480','800','1','2014-04-17 04:31:37'),('474','2147483647','0','720','1280','1','2014-04-17 04:46:51'),('475','2147483647','0','720','1280','1','2014-04-17 04:49:45'),('476','2147483647','0','720','1280','1','2014-04-17 10:12:08'),('477','2147483647','0','720','1280','1','2014-04-17 10:14:59'),('478','2147483647','0','720','1280','1','2014-04-17 11:34:20'),('479','2147483647','0','720','1280','1','2014-04-17 13:33:47'),('480','2147483647','0','480','800','1','2014-04-18 00:10:25'),('481','2147483647','0','480','800','1','2014-04-18 00:27:08'),('482','2147483647','0','480','800','1','2014-04-18 00:29:33'),('483','2147483647','0','480','800','1','2014-04-18 00:32:58'),('484','2147483647','0','480','800','1','2014-04-18 00:41:25'),('485','2147483647','0','480','800','1','2014-04-18 00:45:35'),('486','2147483647','0','480','800','1','2014-04-18 00:59:07'),('487','2147483647','0','480','800','1','2014-04-18 01:00:32'),('488','2147483647','0','480','800','1','2014-04-18 01:02:13'),('489','2147483647','0','480','800','1','2014-04-18 02:16:08'),('490','2147483647','0','480','800','1','2014-04-18 02:28:13'),('491','2147483647','0','480','764','1','2014-04-18 02:31:21'),('492','2147483647','0','800','444','1','2014-04-18 02:33:45'),('493','2147483647','0','480','764','1','2014-04-18 03:26:21'),('494','2147483647','0','800','444','1','2014-04-18 03:33:01'),('495','2147483647','0','480','764','1','2014-04-18 03:37:06'),('496','2147483647','0','480','800','1','2014-04-18 05:00:17'),('497','2147483647','0','480','800','1','2014-04-18 05:16:04'),('498','2147483647','0','480','800','1','2014-04-18 05:17:44'),('499','2147483647','0','480','800','1','2014-04-18 05:18:28'),('500','2147483647','0','480','800','1','2014-04-18 05:20:28'),('501','2147483647','0','480','800','1','2014-04-18 05:40:04'),('502','2147483647','0','480','800','1','2014-04-18 05:41:24'),('503','2147483647','0','480','800','1','2014-04-18 05:46:49'),('504','2147483647','0','480','800','1','2014-04-18 05:48:45'),('505','2147483647','0','480','800','1','2014-04-18 05:52:19'),('506','2147483647','0','480','800','1','2014-04-18 05:53:28'),('507','2147483647','0','720','1280','1','2014-04-18 06:24:03'),('508','2147483647','0','1080','1776','1','2014-04-18 06:36:01'),('509','2147483647','0','1080','1776','1','2014-04-18 07:12:36'),('510','2147483647','0','1080','1776','1','2014-04-18 07:16:58'),('511','2147483647','0','1080','1776','1','2014-04-18 07:20:57'),('512','2147483647','0','480','800','1','2014-04-18 07:28:43'),('513','2147483647','0','480','800','1','2014-04-18 07:36:16'),('514','2147483647','0','480','800','1','2014-04-18 07:52:09'),('515','2147483647','0','480','800','1','2014-04-18 08:53:52'),('516','2147483647','0','1080','1776','1','2014-04-18 10:27:46'),('517','2147483647','0','480','800','1','2014-04-18 10:32:00'),('518','2147483647','0','480','800','1','2014-04-18 10:36:57'),('519','2147483647','0','480','800','1','2014-04-18 12:44:58'),('520','2147483647','0','480','800','1','2014-04-18 12:48:05'),('521','2147483647','0','480','800','1','2014-04-18 12:49:32'),('522','2147483647','0','1080','1776','1','2014-04-18 12:51:44'),('523','2147483647','0','1080','1776','1','2014-04-18 12:53:04'),('524','2147483647','0','1080','1776','1','2014-04-18 12:58:16'),('525','2147483647','0','480','800','1','2014-04-18 15:10:37'),('526','2147483647','0','720','1280','1','2014-04-19 06:15:17'),('527','2147483647','0','720','1280','1','2014-04-19 06:18:35'),('528','2147483647','0','720','1280','1','2014-04-19 07:22:04'),('529','2147483647','0','720','1280','1','2014-04-19 07:26:55'),('530','2147483647','0','720','1280','1','2014-04-19 07:28:43'),('531','2147483647','0','720','1280','1','2014-04-19 07:29:14'),('532','2147483647','0','720','1280','1','2014-04-19 07:34:41'),('533','2147483647','0','1080','1776','1','2014-04-19 08:10:02'),('534','2147483647','0','1080','1776','1','2014-04-19 08:11:01'),('535','2147483647','0','1080','1776','1','2014-04-19 08:11:41'),('536','2147483647','0','720','1280','1','2014-04-19 14:07:35'),('537','2147483647','0','480','800','1','2014-04-21 06:47:01'),('538','2147483647','0','720','1280','1','2014-04-21 10:15:09'),('539','2147483647','0','720','1280','1','2014-04-21 13:45:23'),('540','2147483647','0','720','1280','1','2014-04-21 13:47:24'),('541','2147483647','0','720','1280','1','2014-04-21 15:21:17'),('542','2147483647','0','480','800','1','2014-04-21 23:57:14'),('543','2147483647','0','480','800','1','2014-04-22 00:11:10'),('544','2147483647','0','480','800','1','2014-04-22 00:22:52'),('545','2147483647','0','480','800','1','2014-04-22 00:42:55'),('546','2147483647','0','480','800','1','2014-04-22 01:43:34'),('547','2147483647','0','720','1280','1','2014-04-22 03:28:14'),('548','2147483647','0','480','800','1','2014-04-22 03:32:16'),('549','2147483647','0','1080','1776','1','2014-04-22 03:50:58'),('550','2147483647','0','480','800','1','2014-04-22 04:09:51'),('551','2147483647','0','480','800','1','2014-04-22 06:02:52'),('552','2147483647','0','480','764','1','2014-04-22 06:31:24'),('553','2147483647','0','800','444','1','2014-04-22 06:34:09'),('554','2147483647','0','320','480','1','2014-04-22 06:43:50'),('555','2147483647','0','320','480','1','2014-04-22 07:17:30'),('556','2147483647','0','480','800','1','2014-04-22 07:25:50'),('557','2147483647','0','480','800','1','2014-04-22 07:38:14'),('558','2147483647','0','1080','1776','1','2014-04-22 08:07:14'),('559','2147483647','0','720','1280','1','2014-04-22 08:07:45'),('560','2147483647','0','480','800','1','2014-04-22 09:06:24'),('561','2147483647','0','480','800','1','2014-04-23 01:13:28'),('562','2147483647','0','480','800','1','2014-04-23 01:53:50'),('563','2147483647','0','480','800','1','2014-04-23 01:57:37'),('564','2147483647','0','480','800','1','2014-04-23 02:00:36'),('565','2147483647','0','480','800','1','2014-04-23 02:04:45'),('566','2147483647','0','480','800','1','2014-04-23 02:06:33'),('567','2147483647','0','480','800','1','2014-04-23 02:14:33'),('568','2147483647','0','480','800','1','2014-04-23 02:15:53'),('569','2147483647','0','480','800','1','2014-04-23 02:18:11'),('570','2147483647','0','480','800','1','2014-04-23 02:19:16'),('571','2147483647','0','480','800','1','2014-04-23 02:21:04'),('572','2147483647','0','480','800','1','2014-04-23 02:26:57'),('573','2147483647','0','480','800','1','2014-04-23 02:29:01'),('574','2147483647','0','480','800','1','2014-04-23 02:31:17'),('575','2147483647','0','480','800','1','2014-04-23 02:31:35'),('576','2147483647','0','480','800','1','2014-04-23 02:32:55'),('577','2147483647','0','480','800','1','2014-04-23 02:53:18'),('578','2147483647','0','480','800','1','2014-04-23 03:00:45'),('579','2147483647','0','480','800','1','2014-04-23 03:21:07'),('580','2147483647','0','480','800','1','2014-04-23 03:44:45'),('581','2147483647','0','480','800','1','2014-04-23 03:53:50'),('582','2147483647','0','480','800','1','2014-04-23 03:58:56'),('583','2147483647','0','480','800','1','2014-04-23 04:43:34'),('584','2147483647','0','480','800','1','2014-04-23 05:02:23'),('585','2147483647','0','480','800','1','2014-04-23 05:27:22'),('586','2147483647','0','480','800','1','2014-04-23 05:37:03'),('587','2147483647','0','480','800','1','2014-04-23 05:40:37'),('588','2147483647','0','480','800','1','2014-04-23 05:42:01'),('589','2147483647','0','480','800','1','2014-04-23 05:43:57'),('590','2147483647','0','480','800','1','2014-04-23 05:45:19'),('591','2147483647','0','480','800','1','2014-04-23 05:50:03'),('592','2147483647','0','480','800','1','2014-04-23 05:51:52'),('593','2147483647','0','480','800','1','2014-04-23 06:22:33'),('594','2147483647','0','480','800','1','2014-04-23 06:39:13'),('595','2147483647','0','480','800','1','2014-04-23 06:50:51'),('596','2147483647','0','480','800','1','2014-04-23 06:53:35'),('597','2147483647','0','480','800','1','2014-04-23 07:29:30'),('598','2147483647','0','480','800','1','2014-04-23 07:35:19'),('599','2147483647','0','480','800','1','2014-04-23 07:38:42'),('600','2147483647','0','480','800','1','2014-04-23 07:40:32'),('601','2147483647','0','480','800','1','2014-04-23 07:42:03'),('602','2147483647','0','1080','1776','1','2014-04-23 07:49:55'),('603','2147483647','0','720','1280','1','2014-04-23 08:10:51'),('604','2147483647','0','480','800','1','2014-04-24 00:13:33'),('605','2147483647','0','800','480','1','2014-04-24 00:14:17'),('606','2147483647','0','1080','1776','1','2014-04-25 08:17:53'),('607','2147483647','0','480','800','1','2014-04-25 09:02:00'),('608','2147483647','0','480','800','1','2014-04-25 09:02:54'),('609','2147483647','0','480','800','1','2014-04-25 09:10:24'),('610','2147483647','0','480','800','1','2014-04-26 00:21:51'),('611','2147483647','0','480','800','1','2014-04-26 00:33:10'),('612','2147483647','0','480','800','1','2014-04-26 00:42:26'),('613','2147483647','0','480','800','1','2014-04-26 04:26:27'),('614','2147483647','0','1080','1776','1','2014-04-26 04:58:05'),('615','2147483647','0','1080','1776','1','2014-04-26 04:59:44'),('616','2147483647','0','720','1280','1','2014-04-26 05:01:07'),('617','2147483647','0','720','1280','1','2014-04-26 05:04:31'),('618','2147483647','0','720','1280','1','2014-04-26 05:06:19'),('619','2147483647','0','720','1280','1','2014-04-26 05:08:48'),('620','2147483647','0','480','800','1','2014-04-26 05:09:16'),('621','2147483647','0','480','800','1','2014-04-26 05:18:48'),('622','2147483647','0','1080','1776','1','2014-04-26 05:26:20'),('623','2147483647','0','1080','1776','1','2014-04-26 05:27:46'),('624','2147483647','0','480','800','1','2014-04-26 05:31:01'),('625','2147483647','0','480','800','1','2014-04-26 05:34:45'),('626','2147483647','0','480','800','1','2014-04-26 05:38:17'),('627','2147483647','0','1080','1776','1','2014-04-26 05:43:18'),('628','2147483647','0','1080','1776','1','2014-04-26 05:44:27'),('629','2147483647','0','480','800','1','2014-04-26 05:46:44'),('630','2147483647','0','480','800','1','2014-04-26 05:53:39'),('631','2147483647','0','480','800','1','2014-04-26 06:07:54'),('632','2147483647','0','480','800','1','2014-04-26 06:12:24'),('633','2147483647','0','480','800','1','2014-04-26 06:14:19'),('634','2147483647','0','480','800','1','2014-04-26 06:18:19'),('635','2147483647','0','480','800','1','2014-04-26 06:29:58'),('636','2147483647','0','480','800','1','2014-04-26 06:33:54'),('637','2147483647','0','480','800','1','2014-04-26 06:37:44'),('638','2147483647','0','480','800','1','2014-04-26 06:43:26'),('639','2147483647','0','480','800','1','2014-04-26 06:45:15'),('640','2147483647','0','480','800','1','2014-04-26 06:50:17'),('641','2147483647','0','480','800','1','2014-04-26 06:52:12'),('642','2147483647','0','480','800','1','2014-04-26 06:56:53'),('643','2147483647','0','480','800','1','2014-04-26 06:59:51'),('644','2147483647','0','480','800','1','2014-04-26 07:09:41'),('645','2147483647','0','480','800','1','2014-04-26 07:23:20'),('646','2147483647','0','480','800','1','2014-04-26 07:36:21'),('647','2147483647','0','480','800','1','2014-04-26 07:37:52'),('648','2147483647','0','480','800','1','2014-04-26 07:42:19'),('649','2147483647','0','480','800','1','2014-04-26 07:53:06'),('650','2147483647','0','480','800','1','2014-04-26 07:55:54'),('651','2147483647','0','480','800','1','2014-04-26 07:59:28'),('652','2147483647','0','480','800','1','2014-04-26 08:09:42'),('653','2147483647','0','480','800','1','2014-04-26 08:55:22'),('654','2147483647','0','480','800','1','2014-04-26 08:59:25'),('655','2147483647','0','480','800','1','2014-04-26 09:09:05'),('656','2147483647','0','480','800','1','2014-04-27 03:07:15'),('657','2147483647','0','480','800','1','2014-04-27 03:12:15'),('658','2147483647','0','1080','1776','1','2014-04-27 03:38:17'),('659','2147483647','0','480','800','1','2014-04-27 04:27:58'),('660','2147483647','0','480','800','1','2014-04-27 04:36:56'),('661','2147483647','0','480','800','1','2014-04-27 04:47:06'),('662','2147483647','0','480','800','1','2014-04-27 05:13:35'),('663','2147483647','0','480','800','1','2014-04-27 06:21:14'),('664','2147483647','0','480','800','1','2014-04-28 04:28:34'),('665','2147483647','0','480','800','1','2014-04-28 04:48:14'),('666','2147483647','0','480','800','1','2014-04-28 05:05:59'),('667','2147483647','0','480','800','1','2014-04-28 05:21:59'),('668','2147483647','0','480','800','1','2014-04-28 05:23:18'),('669','2147483647','0','480','800','1','2014-04-28 05:30:29'),('670','2147483647','0','480','800','1','2014-04-28 05:31:59'),('671','2147483647','0','480','800','1','2014-04-28 05:41:50'),('672','2147483647','0','480','800','1','2014-04-28 05:44:59'),('673','2147483647','0','480','800','1','2014-04-28 05:46:20'),('674','2147483647','0','480','800','1','2014-04-28 05:49:57'),('675','2147483647','0','480','800','1','2014-04-28 05:52:52'),('676','2147483647','0','480','800','1','2014-04-28 05:54:57'),('677','2147483647','0','480','800','1','2014-04-28 05:57:13'),('678','2147483647','0','480','800','1','2014-04-28 06:04:45'),('679','2147483647','0','480','800','1','2014-04-28 06:07:14'),('680','2147483647','0','480','800','1','2014-04-28 06:17:19'),('681','2147483647','0','480','800','1','2014-04-28 06:24:07'),('682','2147483647','0','480','800','1','2014-04-28 06:27:12'),('683','2147483647','0','480','800','1','2014-04-28 06:28:57'),('684','2147483647','0','480','800','1','2014-04-28 06:32:48'),('685','2147483647','0','480','800','1','2014-04-28 06:36:27'),('686','2147483647','0','480','800','1','2014-04-28 06:38:18'),('687','2147483647','0','480','800','1','2014-04-28 06:40:57'),('688','2147483647','0','480','800','1','2014-04-28 06:42:19'),('689','2147483647','0','480','800','1','2014-04-28 06:44:52'),('690','2147483647','0','480','800','1','2014-04-28 06:46:56'),('691','2147483647','0','480','800','1','2014-04-28 06:49:05'),('692','2147483647','0','480','800','1','2014-04-28 06:50:40'),('693','2147483647','0','480','800','1','2014-04-28 06:53:29'),('694','2147483647','0','480','800','1','2014-04-28 06:56:08'),('695','2147483647','0','480','800','1','2014-04-28 07:13:20'),('696','2147483647','0','480','800','1','2014-04-28 07:14:19'),('697','2147483647','0','1080','1776','1','2014-04-28 07:25:25'),('698','2147483647','0','480','800','1','2014-04-28 07:51:43'),('699','2147483647','0','480','800','1','2014-04-28 08:01:10'),('700','2147483647','0','480','800','1','2014-04-28 08:07:30'),('701','2147483647','0','480','800','1','2014-04-28 08:09:22'),('702','2147483647','0','480','800','1','2014-04-28 08:21:23'),('703','2147483647','0','480','800','1','2014-04-28 08:28:17'),('704','2147483647','0','480','800','1','2014-04-28 08:28:27'),('705','2147483647','0','480','800','1','2014-04-28 08:35:51'),('706','2147483647','0','480','800','1','2014-04-28 08:38:53'),('707','2147483647','0','480','800','1','2014-04-28 08:41:02'),('708','2147483647','0','480','800','1','2014-04-28 08:45:22'),('709','2147483647','0','480','800','1','2014-04-28 09:11:18'),('710','2147483647','0','480','800','1','2014-04-28 09:16:02'),('711','2147483647','0','480','800','1','2014-04-28 09:18:30'),('712','2147483647','0','480','800','1','2014-04-28 09:20:44'),('713','2147483647','0','480','800','1','2014-04-28 09:22:05'),('714','2147483647','0','480','800','1','2014-04-28 10:29:17'),('715','2147483647','0','480','800','1','2014-04-28 10:30:55'),('716','2147483647','0','1080','1776','1','2014-04-29 01:12:58'),('717','2147483647','0','1080','1776','1','2014-04-29 01:19:14'),('718','2147483647','0','480','800','1','2014-04-29 02:12:56'),('719','2147483647','0','480','800','1','2014-04-29 09:38:57'),('720','2147483647','0','480','800','1','2014-04-29 09:42:41'),('721','2147483647','0','480','800','1','2014-04-29 09:47:30'),('722','2147483647','0','480','800','1','2014-04-29 09:50:02'),('723','2147483647','0','480','800','1','2014-04-29 09:57:58'),('724','2147483647','0','1080','1776','1','2014-04-29 10:01:24'),('725','2147483647','0','480','800','1','2014-04-29 10:04:12'),('726','2147483647','0','800','480','1','2014-04-29 10:05:11'),('727','2147483647','0','480','800','1','2014-04-29 10:05:19'),('728','2147483647','0','1080','1776','1','2014-04-29 10:06:50'),('729','2147483647','0','480','800','1','2014-04-29 10:26:43'),('730','2147483647','0','480','800','1','2014-04-29 10:27:20'),('731','2147483647','0','480','800','1','2014-04-29 10:29:13'),('732','2147483647','0','480','800','1','2014-04-29 10:31:02'),('733','2147483647','0','720','1280','1','2014-04-30 03:26:52'),('734','2147483647','0','720','1280','1','2014-04-30 03:29:59'),('735','2147483647','0','480','800','1','2014-05-01 00:13:32'),('736','2147483647','0','480','800','1','2014-05-01 01:04:13'),('737','2147483647','0','480','800','1','2014-05-01 01:22:51'),('738','2147483647','0','480','800','1','2014-05-01 01:25:22'),('739','2147483647','0','480','800','1','2014-05-01 01:28:25'),('740','2147483647','0','480','800','1','2014-05-01 01:38:02'),('741','2147483647','0','480','800','1','2014-05-01 01:48:21'),('742','2147483647','0','480','800','1','2014-05-01 01:52:06'),('743','2147483647','0','480','800','1','2014-05-01 01:55:32'),('744','2147483647','0','480','800','1','2014-05-01 02:02:43'),('745','2147483647','0','480','800','1','2014-05-01 02:07:03'),('746','2147483647','0','480','800','1','2014-05-01 02:10:44'),('747','2147483647','0','480','800','1','2014-05-01 02:13:07'),('748','2147483647','0','720','1280','1','2014-05-01 02:21:44'),('749','2147483647','0','720','1280','1','2014-05-01 02:26:40'),('750','2147483647','0','480','800','1','2014-05-01 03:27:10'),('751','2147483647','0','480','800','1','2014-05-01 04:08:23'),('752','2147483647','0','480','800','1','2014-05-01 04:25:41'),('753','2147483647','0','480','800','1','2014-05-01 07:09:07'),('754','2147483647','0','480','800','1','2014-05-01 07:21:44'),('755','2147483647','0','480','800','1','2014-05-01 07:58:52'),('756','2147483647','0','480','800','1','2014-05-01 08:18:13'),('757','2147483647','0','480','800','1','2014-05-01 08:28:12'),('758','2147483647','0','480','800','1','2014-05-01 08:29:23'),('759','2147483647','0','480','800','1','2014-05-01 08:30:39'),('760','2147483647','0','480','800','1','2014-05-01 08:32:33'),('761','2147483647','0','480','800','1','2014-05-01 08:35:40'),('762','2147483647','0','480','800','1','2014-05-01 08:45:37'),('763','2147483647','0','480','800','1','2014-05-01 09:11:26'),('764','2147483647','0','480','800','1','2014-05-01 09:18:14'),('765','2147483647','0','480','764','1','2014-05-02 00:39:35'),('766','2147483647','0','480','800','1','2014-05-02 00:48:43'),('767','2147483647','0','480','800','1','2014-05-02 01:24:50'),('768','2147483647','0','480','800','1','2014-05-02 01:30:16'),('769','2147483647','0','480','800','1','2014-05-02 05:15:37'),('770','2147483647','0','480','800','1','2014-05-02 05:17:33'),('771','2147483647','0','480','800','1','2014-05-02 05:19:40'),('772','2147483647','0','480','800','1','2014-05-02 05:22:03'),('773','2147483647','0','480','800','1','2014-05-02 05:23:28'),('774','2147483647','0','480','800','1','2014-05-02 07:38:18'),('775','2147483647','0','480','800','1','2014-05-02 07:40:19'),('776','2147483647','0','480','800','1','2014-05-03 02:55:06'),('777','2147483647','0','480','800','1','2014-05-03 05:36:52'),('778','2147483647','0','480','800','1','2014-05-03 05:40:48'),('779','2147483647','0','1080','1776','1','2014-05-03 07:29:24'),('780','2147483647','0','1080','1776','1','2014-05-03 07:33:20'),('781','2147483647','0','720','1280','1','2014-05-03 12:37:44'),('782','2147483647','0','720','1280','1','2014-05-03 12:39:44'),('783','2147483647','0','1080','1776','1','2014-05-03 12:42:48'),('784','2147483647','0','720','1280','1','2014-05-04 03:52:24'),('785','2147483647','0','720','1280','1','2014-05-04 03:54:02'),('786','2147483647','0','480','800','1','2014-05-05 01:24:32'),('787','2147483647','0','800','480','1','2014-05-05 02:21:40'),('788','2147483647','0','480','800','1','2014-05-05 02:22:14'),('789','2147483647','0','800','480','1','2014-05-05 02:22:33'),('790','2147483647','0','800','480','1','2014-05-05 02:25:37'),('791','2147483647','0','480','800','1','2014-05-05 03:23:53'),('792','2147483647','0','480','800','1','2014-05-05 05:09:37'),('793','2147483647','0','480','800','1','2014-05-05 05:21:49'),('794','2147483647','0','480','800','1','2014-05-05 05:45:28'),('795','2147483647','0','480','800','1','2014-05-05 06:17:58'),('796','2147483647','0','480','800','1','2014-05-05 06:28:02'),('797','2147483647','0','480','800','1','2014-05-05 06:56:01'),('798','2147483647','0','480','800','1','2014-05-05 07:00:52'),('799','2147483647','0','480','800','1','2014-05-05 08:10:42'),('800','2147483647','0','480','800','1','2014-05-05 08:17:40'),('801','2147483647','0','480','800','1','2014-05-05 08:21:21'),('802','2147483647','0','480','800','1','2014-05-05 08:25:40'),('803','2147483647','0','480','800','1','2014-05-05 09:00:55'),('804','2147483647','0','480','800','1','2014-05-05 09:07:25'),('805','2147483647','0','480','800','1','2014-05-05 09:11:44'),('806','2147483647','0','480','800','1','2014-05-05 09:22:13'),('807','2147483647','0','480','800','1','2014-05-05 09:24:49'),('808','2147483647','0','480','800','1','2014-05-05 09:26:29'),('809','2147483647','0','480','800','1','2014-05-05 09:27:47'),('810','2147483647','0','480','800','1','2014-05-05 09:30:46'),('811','2147483647','0','720','1280','1','2014-05-05 09:35:30'),('812','2147483647','0','480','800','1','2014-05-06 00:24:31'),('813','2147483647','0','1080','1776','1','2014-05-06 03:19:13'),('814','2147483647','0','1080','1776','1','2014-05-06 03:21:44'),('815','2147483647','0','480','800','1','2014-05-06 03:33:01'),('816','2147483647','0','1080','1776','1','2014-05-06 04:10:39'),('817','2147483647','0','1080','1776','1','2014-05-06 04:10:53'),('818','2147483647','0','1080','1776','1','2014-05-06 04:12:04'),('819','2147483647','0','480','800','1','2014-05-06 04:31:45'),('820','2147483647','0','480','800','1','2014-05-06 04:33:58'),('821','2147483647','0','480','800','1','2014-05-06 04:50:09'),('822','2147483647','0','480','800','1','2014-05-06 07:39:27'),('823','2147483647','0','480','800','1','2014-05-07 04:59:51'),('824','2147483647','0','720','1280','1','2014-05-08 04:02:39'),('825','2147483647','0','720','1280','1','2014-05-08 04:05:00'),('826','2147483647','0','720','1280','1','2014-05-08 04:07:23'),('827','2147483647','0','720','1280','1','2014-05-08 04:08:43'),('828','2147483647','0','720','1280','1','2014-05-08 04:15:36'),('829','2147483647','0','1080','1776','1','2014-05-08 04:15:39'),('830','2147483647','0','480','800','1','2014-05-19 07:12:54'),('831','2147483647','0','480','800','1','2014-05-19 09:01:13'),('832','2147483647','0','480','800','1','2014-05-20 01:30:15'),('833','2147483647','0','480','800','1','2014-05-20 01:55:11'),('834','2147483647','0','480','800','1','2014-05-20 01:56:43'),('835','2147483647','0','480','800','1','2014-05-20 03:49:51'),('836','2147483647','0','480','800','1','2014-05-20 04:00:23'),('837','2147483647','0','480','800','1','2014-05-20 04:01:24'),('838','2147483647','0','480','800','1','2014-05-21 05:24:28'),('839','2147483647','0','480','800','1','2014-05-21 06:47:53'),('840','2147483647','0','480','800','1','2014-05-21 07:46:16'),('841','2147483647','0','480','800','1','2014-05-21 08:04:54'),('842','2147483647','0','480','800','1','2014-05-24 06:56:47'),('843','2147483647','0','720','1280','1','2014-05-25 05:34:35'),('844','2147483647','0','720','1280','1','2014-05-25 05:38:54'),('845','2147483647','0','720','1280','1','2014-05-25 05:39:05'),('846','2147483647','0','480','800','1','2014-05-26 05:51:41'),('847','2147483647','0','480','800','1','2014-05-26 06:11:02'),('848','2147483647','0','480','800','1','2014-05-26 06:21:08'),('849','2147483647','0','480','800','1','2014-05-26 06:27:56'),('850','2147483647','0','480','800','1','2014-05-26 06:30:40'),('851','2147483647','0','480','800','1','2014-05-26 06:32:42'),('852','2147483647','0','480','800','1','2014-05-26 06:36:11'),('853','2147483647','0','480','800','1','2014-05-26 07:03:47'),('854','2147483647','0','480','800','1','2014-05-26 07:05:58'),('855','2147483647','0','480','800','1','2014-05-26 07:06:32'),('856','2147483647','0','480','800','1','2014-05-26 07:16:54'),('857','2147483647','0','480','800','1','2014-05-26 07:17:47'),('858','2147483647','0','480','800','1','2014-05-26 07:26:23'),('859','2147483647','0','480','800','1','2014-05-26 07:31:32'),('860','2147483647','0','480','800','1','2014-05-26 07:36:21'),('861','2147483647','0','480','764','1','2014-05-26 08:25:43'),('862','2147483647','0','480','800','1','2014-05-27 08:29:05'),('863','2147483647','0','480','800','1','2014-05-27 08:34:46'),('864','2147483647','0','480','800','1','2014-05-27 08:37:27'),('865','2147483647','0','720','1280','1','2014-05-27 11:50:11'),('866','2147483647','0','480','800','1','2014-05-28 04:32:30'),('867','2147483647','0','480','800','1','2014-05-28 04:43:28'),('868','2147483647','0','480','800','1','2014-05-28 04:49:12'),('869','2147483647','0','480','800','1','2014-05-28 04:53:44'),('870','2147483647','0','480','764','1','2014-05-28 05:40:26'),('871','2147483647','0','800','444','1','2014-05-28 05:44:14'),('872','2147483647','0','480','764','1','2014-05-28 05:46:28'),('873','2147483647','0','480','764','1','2014-05-28 05:46:44'),('874','2147483647','0','480','764','1','2014-05-28 05:47:29'),('875','2147483647','0','800','444','1','2014-05-28 05:48:42'),('876','2147483647','0','480','764','1','2014-05-28 05:50:45'),('877','2147483647','0','480','764','1','2014-05-28 05:54:26'),('878','2147483647','0','800','444','1','2014-05-28 05:57:19'),('879','2147483647','0','480','764','1','2014-05-28 05:57:57'),('880','2147483647','0','480','764','1','2014-05-28 05:58:59'),('881','2147483647','0','800','444','1','2014-05-28 06:00:39'),('882','2147483647','0','480','764','1','2014-05-28 06:10:15'),('883','2147483647','0','800','444','1','2014-05-28 06:11:08'),('884','2147483647','0','480','764','1','2014-05-28 06:11:12'),('885','2147483647','0','480','764','1','2014-05-28 06:12:23'),('886','2147483647','0','800','444','1','2014-05-28 06:13:59'),('887','2147483647','0','480','764','1','2014-05-28 07:35:41'),('888','2147483647','0','800','444','1','2014-05-28 07:35:54'),('889','2147483647','0','480','764','1','2014-05-28 07:35:59'),('890','2147483647','0','480','764','1','2014-05-28 07:36:55'),('891','2147483647','0','800','444','1','2014-05-28 07:39:32'),('892','2147483647','0','480','764','1','2014-05-28 07:43:59'),('893','2147483647','0','480','764','1','2014-05-28 07:44:49'),('894','2147483647','0','800','444','1','2014-05-28 07:46:30'),('895','2147483647','0','480','764','1','2014-05-28 07:52:52'),('896','2147483647','0','800','444','1','2014-05-28 07:55:28'),('897','2147483647','0','480','800','1','2014-05-28 07:59:09'),('898','2147483647','0','480','764','1','2014-05-28 07:59:38'),('899','2147483647','0','480','764','1','2014-05-28 08:59:26'),('900','2147483647','0','800','444','1','2014-05-28 09:02:01'),('901','2147483647','0','480','764','1','2014-05-28 09:02:37'),('902','2147483647','0','800','444','1','2014-05-28 09:04:05'),('903','2147483647','0','480','764','1','2014-05-28 09:06:15'),('904','2147483647','0','480','764','1','2014-05-28 09:06:42'),('905','2147483647','0','480','800','1','2014-05-29 03:36:02'),('906','2147483647','0','480','800','1','2014-05-29 03:38:44'),('907','2147483647','0','480','800','1','2014-05-30 01:37:11'),('908','2147483647','0','480','800','1','2014-05-30 01:47:02'),('909','2147483647','0','480','800','1','2014-05-30 01:58:27'),('910','2147483647','0','480','800','1','2014-05-30 02:06:41'),('911','2147483647','0','480','800','1','2014-05-30 08:42:07'),('912','2147483647','0','480','800','1','2014-05-30 08:46:49'),('913','2147483647','0','480','800','1','2014-05-30 08:58:40'),('914','2147483647','0','480','800','1','2014-05-30 09:02:28'),('915','2147483647','0','480','800','1','2014-05-30 09:27:27'),('916','2147483647','0','720','1280','1','2014-05-30 10:20:21'),('917','2147483647','0','720','1280','1','2014-05-30 10:22:46'),('918','2147483647','0','1080','1776','1','2014-05-30 12:39:34'),('919','2147483647','0','800','1205','1','2014-05-31 03:05:19'),('920','2147483647','0','480','800','1','2014-05-31 03:24:58'),('921','2147483647','0','480','800','1','2014-05-31 03:26:10'),('922','2147483647','0','1080','1776','1','2014-05-31 23:02:27'),('923','2147483647','0','1080','1776','1','2014-06-01 13:44:00'),('924','2147483647','0','480','800','1','2014-06-02 02:48:22'),('925','2147483647','0','480','800','1','2014-06-02 02:49:49'),('926','2147483647','0','480','800','1','2014-06-02 02:51:03'),('927','2147483647','0','1080','1776','1','2014-06-02 04:41:06'),('928','2147483647','0','1080','1776','1','2014-06-02 05:12:23'),('929','2147483647','0','480','800','1','2014-06-02 05:13:45'),('930','2147483647','0','480','800','1','2014-06-02 05:14:31'),('931','2147483647','0','480','800','1','2014-06-02 05:17:42'),('932','2147483647','0','480','800','1','2014-06-02 05:22:22'),('933','2147483647','0','480','800','1','2014-06-02 05:24:29'),('934','2147483647','0','480','800','1','2014-06-02 06:03:50'),('935','2147483647','0','480','800','1','2014-06-04 01:40:08'),('936','2147483647','0','480','800','1','2014-06-04 02:14:39'),('937','2147483647','0','800','444','1','2014-06-04 02:23:05'),('938','2147483647','0','480','764','1','2014-06-04 02:23:35'),('939','2147483647','0','480','764','1','2014-06-04 02:24:34'),('940','2147483647','0','800','444','1','2014-06-04 02:24:50'),('941','2147483647','0','800','444','1','2014-06-04 02:26:16'),('942','2147483647','0','480','764','1','2014-06-04 03:05:25'),('943','2147483647','0','480','764','1','2014-06-04 03:05:31'),('944','2147483647','0','1080','1776','1','2014-06-04 10:18:01'),('945','2147483647','0','480','800','1','2014-06-05 03:21:10'),('946','2147483647','0','480','800','1','2014-06-05 07:56:00'),('947','2147483647','0','480','800','1','2014-06-05 07:57:16'),('948','2147483647','0','480','800','1','2014-06-05 08:00:41'),('949','2147483647','0','480','800','1','2014-06-05 08:20:11'),('950','2147483647','0','480','800','1','2014-06-05 09:09:52'),('951','2147483647','0','1080','1776','1','2014-06-05 10:32:56'),('952','2147483647','0','480','800','1','2014-06-06 09:17:26'),('953','2147483647','0','1080','1776','1','2014-06-07 07:45:53'),('954','2147483647','0','1080','1776','1','2014-06-08 20:34:41');
/*!40000 ALTER TABLE `device_master` ENABLE KEYS */;

DROP TABLE IF EXISTS `feed_master`;
CREATE TABLE `feed_master` (
  `feed_id` int(11) NOT NULL AUTO_INCREMENT,
  `user_id` int(11) NOT NULL,
  `place_id` int(11) NOT NULL,
  `feed_name` varchar(64) NOT NULL,
  `category_id` int(11) NOT NULL,
  `feed_link` varchar(64) NOT NULL,
  `location_name` varchar(64) NOT NULL,
  `experiance` varchar(64) NOT NULL,
  `image` varchar(64) NOT NULL,
  `lattitude` float NOT NULL,
  `longitude` float NOT NULL,
  `status` tinyint(4) NOT NULL,
  `created_date` timestamp NOT NULL DEFAULT CURRENT_TIMESTAMP,
  `created_by` tinyint(4) NOT NULL,
  `modified_date` timestamp NOT NULL DEFAULT '0000-00-00 00:00:00',
  `modified_by` tinyint(4) NOT NULL,
  `deleted` tinyint(4) NOT NULL,
  `rate` int(11) DEFAULT NULL,
  PRIMARY KEY (`feed_id`)
) ENGINE=InnoDB AUTO_INCREMENT=9 DEFAULT CHARSET=latin1;

/*!40000 ALTER TABLE `feed_master` DISABLE KEYS */;
INSERT INTO `feed_master` VALUES ('1','1','1','pvr','4','','PVR Cinemas','pvr good','1401274048.jpg','23.1751','72.6393','1','2014-05-28 16:14:26','1','0000-00-00 00:00:00','0','0','2'),('2','1','2','google','4','','ahmedabd ','ahmeda  uio','1401274465.jpg','23.051','72.5189','1','2014-05-28 16:21:22','1','0000-00-00 00:00:00','0','0','0'),('3','1','3','hgh','3','','pvr ','gghh','1401352721.jpg','23.051','72.519','1','2014-05-29 14:08:32','1','0000-00-00 00:00:00','0','0','2'),('4','5','4','guitarr','3','','noida','rate page m skewed h abhi bhi pic','1401463364.jpg','28.5767','77.3259','1','2014-05-30 20:52:39','1','0000-00-00 00:00:00','0','0','5'),('5','2','5','dd','1','','ff','ggf','1401524768.jpg','12.9325','77.6327','1','2014-05-31 13:56:02','1','0000-00-00 00:00:00','0','0','0'),('6','1','6','testing','2','','test','ghh','1401695387.jpg','23.051','72.519','1','2014-06-02 13:19:42','1','0000-00-00 00:00:00','0','0','0'),('7','1','7','bdbdb','2','','gdjdj','bdb','1401695462.jpg','23.051','72.519','1','2014-06-02 13:20:57','1','0000-00-00 00:00:00','0','0','0'),('8','1','8','ggh','1','','hhh','ghhh','1401704069.jpg','23.051','72.519','1','2014-06-02 15:44:24','1','0000-00-00 00:00:00','0','0','0');
/*!40000 ALTER TABLE `feed_master` ENABLE KEYS */;

DROP TABLE IF EXISTS `follow_master`;
CREATE TABLE `follow_master` (
  `id` int(11) NOT NULL AUTO_INCREMENT,
  `user_id` int(11) NOT NULL,
  `follower_id` int(11) NOT NULL,
  `status` tinyint(4) NOT NULL,
  `created_date` timestamp NOT NULL DEFAULT CURRENT_TIMESTAMP ON UPDATE CURRENT_TIMESTAMP,
  `created_by` tinyint(4) NOT NULL,
  `modified_date` timestamp NOT NULL DEFAULT '0000-00-00 00:00:00',
  `modified_by` tinyint(4) NOT NULL,
  `deleted` tinyint(4) NOT NULL,
  PRIMARY KEY (`id`)
) ENGINE=InnoDB DEFAULT CHARSET=latin1;

/*!40000 ALTER TABLE `follow_master` DISABLE KEYS */;
/*!40000 ALTER TABLE `follow_master` ENABLE KEYS */;

DROP TABLE IF EXISTS `iteam_master`;
CREATE TABLE `iteam_master` (
  `iteam_id` int(11) NOT NULL AUTO_INCREMENT,
  `title` varchar(64) NOT NULL,
  `description` varchar(64) NOT NULL,
  `image` varchar(64) NOT NULL,
  `status` tinyint(4) NOT NULL,
  `created_date` timestamp NOT NULL DEFAULT CURRENT_TIMESTAMP ON UPDATE CURRENT_TIMESTAMP,
  `created_by` tinyint(4) NOT NULL,
  `modified_date` timestamp NOT NULL DEFAULT '0000-00-00 00:00:00',
  `modified_by` tinyint(4) NOT NULL,
  `deleted` tinyint(4) NOT NULL,
  PRIMARY KEY (`iteam_id`)
) ENGINE=InnoDB AUTO_INCREMENT=6 DEFAULT CHARSET=latin1;

/*!40000 ALTER TABLE `iteam_master` DISABLE KEYS */;
INSERT INTO `iteam_master` VALUES ('1','Galaxy Young','Very Nice Mobile','iteam_1393244399.jpg','1','2014-02-24 00:00:00','1','2014-02-24 00:00:00','1','0'),('4','test','value','','1','2014-02-26 00:00:00','1','0000-00-00 00:00:00','0','0'),('5','test','value','','1','2014-02-26 00:00:00','1','0000-00-00 00:00:00','0','0');
/*!40000 ALTER TABLE `iteam_master` ENABLE KEYS */;

DROP TABLE IF EXISTS `manufacturers`;
CREATE TABLE `manufacturers` (
  `id` int(11) unsigned NOT NULL AUTO_INCREMENT,
  `name` varchar(50) DEFAULT NULL,
  PRIMARY KEY (`id`)
) ENGINE=InnoDB DEFAULT CHARSET=utf8;

/*!40000 ALTER TABLE `manufacturers` DISABLE KEYS */;
/*!40000 ALTER TABLE `manufacturers` ENABLE KEYS */;

DROP TABLE IF EXISTS `membership`;
CREATE TABLE `membership` (
  `id` int(11) NOT NULL AUTO_INCREMENT,
  `first_name` varchar(255) DEFAULT NULL,
  `last_name` varchar(255) DEFAULT NULL,
  `email_addres` varchar(255) DEFAULT NULL,
  `user_name` varchar(255) DEFAULT NULL,
  `pass_word` varchar(32) DEFAULT NULL,
  PRIMARY KEY (`id`)
) ENGINE=InnoDB DEFAULT CHARSET=latin1;

/*!40000 ALTER TABLE `membership` DISABLE KEYS */;
/*!40000 ALTER TABLE `membership` ENABLE KEYS */;

DROP TABLE IF EXISTS `meme_master`;
CREATE TABLE `meme_master` (
  `meme_id` int(11) NOT NULL AUTO_INCREMENT,
  `title` varchar(64) NOT NULL,
  `description` varchar(64) NOT NULL,
  `status` tinyint(4) NOT NULL,
  `created_date` timestamp NOT NULL DEFAULT CURRENT_TIMESTAMP ON UPDATE CURRENT_TIMESTAMP,
  `created_by` tinyint(4) NOT NULL,
  `modified_date` timestamp NOT NULL DEFAULT '0000-00-00 00:00:00',
  `modified_by` tinyint(4) NOT NULL,
  `deleted` tinyint(4) NOT NULL,
  PRIMARY KEY (`meme_id`)
) ENGINE=InnoDB AUTO_INCREMENT=5 DEFAULT CHARSET=latin1;

/*!40000 ALTER TABLE `meme_master` DISABLE KEYS */;
INSERT INTO `meme_master` VALUES ('1','MeMe','Confused,','1','2014-03-12 00:21:43','1','2014-02-24 00:00:00','1','0'),('4','meme','value','1','2014-03-12 00:21:43','1','0000-00-00 00:00:00','0','0');
/*!40000 ALTER TABLE `meme_master` ENABLE KEYS */;

DROP TABLE IF EXISTS `place_master`;
CREATE TABLE `place_master` (
  `place_id` int(11) NOT NULL AUTO_INCREMENT,
  `user_id` int(11) NOT NULL,
  `place_name` varchar(64) NOT NULL,
  `description` varchar(64) NOT NULL,
  `type` varchar(64) NOT NULL,
  `name` varchar(64) NOT NULL,
  `image` varchar(64) NOT NULL,
  `lattitude` varchar(11) NOT NULL,
  `longitude` varchar(11) NOT NULL,
  `rate` int(11) NOT NULL,
  `rate_image` varchar(64) NOT NULL,
  `status` tinyint(4) NOT NULL,
  `created_date` timestamp NOT NULL DEFAULT CURRENT_TIMESTAMP ON UPDATE CURRENT_TIMESTAMP,
  `created_by` tinyint(4) NOT NULL,
  `modified_date` timestamp NOT NULL DEFAULT '0000-00-00 00:00:00',
  `modified_by` tinyint(4) NOT NULL,
  `deleted` tinyint(4) NOT NULL,
  PRIMARY KEY (`place_id`)
) ENGINE=InnoDB AUTO_INCREMENT=9 DEFAULT CHARSET=latin1;

/*!40000 ALTER TABLE `place_master` DISABLE KEYS */;
INSERT INTO `place_master` VALUES ('1','1','PVR Cinemas','','','','','23.175118','72.639324','0','','1','2014-05-28 16:14:26','1','0000-00-00 00:00:00','0','0'),('2','1','ahmedabd ','','','','','23.0510093','72.5189181','0','','1','2014-05-28 16:21:22','1','0000-00-00 00:00:00','0','0'),('3','1','pvr ','','','','','23.0509996','72.5189792','0','','1','2014-05-29 14:08:32','1','0000-00-00 00:00:00','0','0'),('4','5','noida','','','','','28.576681','77.325884','0','','1','2014-05-30 20:52:39','1','0000-00-00 00:00:00','0','0'),('5','2','ff','','','','','12.9325224','77.6327117','0','','1','2014-05-31 13:56:02','1','0000-00-00 00:00:00','0','0'),('6','1','test','','','','','23.0509996','72.5189792','0','','1','2014-06-02 13:19:42','1','0000-00-00 00:00:00','0','0'),('7','1','gdjdj','','','','','23.0509996','72.5189792','0','','1','2014-06-02 13:20:57','1','0000-00-00 00:00:00','0','0'),('8','1','hhh','','','','','23.0509996','72.5189792','0','','1','2014-06-02 15:44:24','1','0000-00-00 00:00:00','0','0');
/*!40000 ALTER TABLE `place_master` ENABLE KEYS */;

DROP TABLE IF EXISTS `products`;
CREATE TABLE `products` (
  `id` int(11) unsigned NOT NULL AUTO_INCREMENT,
  `description` varchar(40) DEFAULT NULL,
  `stock` double DEFAULT NULL,
  `cost_price` double DEFAULT NULL,
  `sell_price` double DEFAULT NULL,
  `manufacture_id` int(11) DEFAULT NULL,
  PRIMARY KEY (`id`)
) ENGINE=InnoDB DEFAULT CHARSET=latin1;

/*!40000 ALTER TABLE `products` DISABLE KEYS */;
/*!40000 ALTER TABLE `products` ENABLE KEYS */;

DROP TABLE IF EXISTS `rate_master`;
CREATE TABLE `rate_master` (
  `id` int(11) NOT NULL AUTO_INCREMENT,
  `user_id` int(11) NOT NULL,
  `rated_user_id` int(11) NOT NULL,
  `place_id` int(11) NOT NULL,
  `image` varchar(64) NOT NULL,
  `meme` varchar(64) NOT NULL,
  `iteam_id` int(11) NOT NULL,
  `comments` varchar(64) NOT NULL,
  `slider` varchar(64) NOT NULL,
  `must_try` varchar(64) NOT NULL,
  `experts` varchar(64) NOT NULL,
  `status` tinyint(4) NOT NULL,
  `created_date` timestamp NOT NULL DEFAULT CURRENT_TIMESTAMP ON UPDATE CURRENT_TIMESTAMP,
  `created_by` tinyint(4) NOT NULL,
  `modified_date` timestamp NOT NULL DEFAULT '0000-00-00 00:00:00',
  `modified_by` tinyint(4) NOT NULL,
  `deleted` tinyint(4) NOT NULL,
  PRIMARY KEY (`id`)
) ENGINE=InnoDB DEFAULT CHARSET=latin1;

/*!40000 ALTER TABLE `rate_master` DISABLE KEYS */;
/*!40000 ALTER TABLE `rate_master` ENABLE KEYS */;

DROP TABLE IF EXISTS `user_master`;
CREATE TABLE `user_master` (
  `user_id` int(11) NOT NULL AUTO_INCREMENT,
  `first_name` varchar(64) NOT NULL,
  `last_name` varchar(64) NOT NULL,
  `email` varchar(64) NOT NULL,
  `password` varchar(64) NOT NULL,
  `mobile_number` varchar(15) NOT NULL,
  `button_links` varchar(64) NOT NULL,
  `feed` varchar(64) NOT NULL,
  `option_box` varchar(64) NOT NULL,
  `reached_from` varchar(64) NOT NULL,
  `birth_date` varchar(64) NOT NULL,
  `gender` varchar(15) NOT NULL,
  `street` varchar(64) NOT NULL,
  `city` varchar(64) NOT NULL,
  `state` varchar(64) NOT NULL,
  `country` varchar(64) NOT NULL,
  `zipcode` varchar(11) NOT NULL,
  `profile_picture` varchar(64) NOT NULL,
  `fb_userid` varchar(50) NOT NULL,
  `gmail_userid` varchar(50) NOT NULL,
  `verification_string` varchar(20) NOT NULL COMMENT 'verify user acount by clicking link sent on mail',
  `status` tinyint(4) NOT NULL,
  `created_date` timestamp NOT NULL DEFAULT CURRENT_TIMESTAMP ON UPDATE CURRENT_TIMESTAMP,
  `created_by` tinyint(4) NOT NULL,
  `modified_date` timestamp NOT NULL DEFAULT '0000-00-00 00:00:00',
  `modified_by` tinyint(4) NOT NULL,
  PRIMARY KEY (`user_id`)
) ENGINE=InnoDB AUTO_INCREMENT=8 DEFAULT CHARSET=latin1;

/*!40000 ALTER TABLE `user_master` DISABLE KEYS */;
INSERT INTO `user_master` VALUES ('1','Mrsun','Patel','sunilpatel.star@gmail.com','','','','','','','01/01/1965','male','','','','','','profile_1401442842.jpg','100006619410346','103864626650625514873','','1','2014-06-02 03:25:51','0','0000-00-00 00:00:00','0'),('2','Penkey','Suresh','penkeysuresh@gmail.com','','','','','','','01/08/1990','0','','','','','','','1529944012','103388200478851523057','','1','2014-04-11 13:09:09','0','0000-00-00 00:00:00','0'),('3','Sachin','Bhat','sachinbhat.as@gmail.com','','','','','','','05/18/1990','male','','','','','','','1383217186','117071970740285187646','','1','2014-03-31 09:51:38','0','0000-00-00 00:00:00','0'),('4','Sankalp','Agarwal','get_shanky0o@yahoo.com','','','','','','','11/27/1989','male','','','','','','','663189127','','','1','2014-03-31 09:48:08','0','0000-00-00 00:00:00','0'),('5','nikhil','khandelwal','nick549nikhil@gmail.com','','','','','','','','0','','','','','','profile_1397585164.jpg','','102560386324826172053','','1','2014-04-15 13:06:04','0','0000-00-00 00:00:00','0'),('7','ankit','','ankit.iitb.ep@gmail.com','b3BlcmF0aW9ucw==','','','','','','05/03/1990','','','','','','','','','','dij2gfk7arqwb84u','1','2014-05-25 05:33:26','0','0000-00-00 00:00:00','0');
/*!40000 ALTER TABLE `user_master` ENABLE KEYS */;


-- phpMiniAdmin dump end
